Pk,School,G_college,GS,MP_college,FG,FGA,FG%_college,2P,2PA,2P%,3P,3PA,3P%_college,FT,FTA,FT%_college,ORB,DRB,TRB_college,AST_college,STL,BLK,TOV,PF,PTS_college,SOS,name,lottery
1,Kentucky,37,37,34.8,5.5,11.8,0.461,4.5,8.8,0.509,1.0,3.1,0.325,4.7,6.3,0.754,0.8,3.5,4.3,6.5,1.8,0.5,4.0,1.9,16.6,6.82,john wall,True
2,Ohio State,101,94,32.8,5.3,10.6,0.502,4.8,9.1,0.525,0.5,1.5,0.362,3.8,5.0,0.758,1.5,5.3,6.8,4.1,1.6,0.7,3.5,2.7,15.0,7.86,evan turner,True
3,Georgia Tech,36,35,27.5,5.0,8.1,0.611,5.0,8.1,0.613,0.0,0.0,0.0,2.5,4.0,0.629,3.0,5.4,8.4,1.0,0.9,2.1,2.5,2.6,12.4,9.02,derrick favors,True
5,Kentucky,38,37,23.5,5.4,9.7,0.558,5.4,9.6,0.565,0.0,0.2,0.167,4.3,7.1,0.604,4.1,5.8,9.8,1.0,1.0,1.8,2.1,3.2,15.1,6.82,demarcus cousins,True
7,Georgetown,65,65,32.6,5.3,9.8,0.543,5.2,9.3,0.558,0.1,0.5,0.273,3.7,5.5,0.677,2.1,6.1,8.2,3.2,1.5,1.5,2.9,2.5,14.5,9.26,greg monroe,True
9,Butler,69,69,33.1,4.3,9.2,0.47,2.6,4.6,0.569,1.7,4.6,0.369,4.1,4.9,0.824,1.7,5.7,7.4,1.8,1.3,0.9,2.0,2.1,14.4,3.57,gordon hayward,True
10,Fresno State,63,63,33.9,5.1,11.4,0.447,3.1,6.5,0.485,1.9,4.9,0.396,3.4,4.2,0.803,1.9,4.8,6.7,2.4,2.0,0.9,2.7,2.8,15.5,1.13,paul george,True
11,Kansas,111,71,21.0,3.5,6.1,0.574,3.5,6.1,0.574,0.0,0.0,,2.3,3.2,0.729,2.3,5.5,7.7,0.6,0.5,2.3,1.2,2.1,9.4,8.12,cole aldrich,True
12,Kansas,36,36,27.5,4.5,9.8,0.458,2.6,5.3,0.492,1.9,4.6,0.418,2.5,3.2,0.783,1.2,3.2,4.4,1.5,1.5,0.5,1.9,1.8,13.4,8.25,xavier henry,True
13,UNC,61,25,22.2,3.4,6.3,0.548,3.4,6.3,0.548,0.0,0.0,,2.3,3.7,0.623,2.4,5.3,7.7,0.7,0.4,2.1,1.4,1.9,9.2,9.09,ed davis,True
14,Kentucky,97,97,34.0,6.4,10.9,0.585,6.1,10.1,0.604,0.2,0.8,0.329,3.2,4.3,0.734,2.9,5.3,8.2,1.5,0.7,1.6,1.6,2.1,16.1,6.24,patrick patterson,True
15,VCU,101,82,23.5,4.1,7.9,0.52,4.1,7.7,0.526,0.0,0.2,0.25,2.1,3.6,0.577,2.5,5.2,7.7,0.5,0.6,2.7,1.5,3.1,10.3,-0.69,larry sanders,False
16,Nevada,68,68,34.9,6.5,13.6,0.48,5.4,11.0,0.494,1.1,2.6,0.421,5.2,5.8,0.893,2.0,6.2,8.1,1.8,0.9,0.8,2.1,2.2,19.4,1.98,luke babbitt,False
18,Kentucky,37,35,30.3,3.9,8.4,0.462,2.6,5.0,0.516,1.3,3.5,0.383,2.2,3.3,0.667,0.5,2.6,3.1,2.9,1.4,0.3,3.0,2.2,11.3,6.82,eric bledsoe,False
19,Texas,34,32,29.5,4.7,10.8,0.432,3.4,7.5,0.457,1.2,3.3,0.375,1.1,1.9,0.545,1.0,1.9,2.9,2.1,1.3,0.5,1.5,2.4,11.6,7.38,avery bradley,False
21,Iowa State,96,95,31.8,6.0,13.4,0.445,5.2,10.9,0.48,0.7,2.5,0.292,3.4,4.7,0.726,1.7,6.0,7.7,1.6,0.5,1.0,2.0,2.0,16.0,7.34,craig brackins,False
23,Clemson,134,134,28.4,5.1,9.2,0.559,5.0,8.6,0.574,0.2,0.5,0.324,2.4,3.9,0.624,3.0,4.9,7.9,1.7,1.1,1.9,1.9,2.3,12.9,7.85,trevor booker,False
24,Texas,142,140,29.3,5.0,10.4,0.479,4.2,8.4,0.506,0.7,2.0,0.364,2.8,4.4,0.64,2.9,6.3,9.3,1.1,1.0,1.1,1.8,2.8,13.5,7.54,damion james,False
25,South Florida,95,94,36.5,6.2,14.1,0.442,4.5,8.9,0.512,1.7,5.2,0.323,4.8,6.5,0.737,1.5,3.9,5.4,3.5,1.5,0.4,2.6,2.6,18.9,7.32,dominique jones,False
26,Washington,136,102,27.3,4.8,9.5,0.503,4.4,8.3,0.528,0.4,1.2,0.327,3.1,4.1,0.768,2.4,3.2,5.6,1.7,0.8,0.3,1.9,2.5,13.1,7.55,quincy pondexter,False
29,Kentucky,38,0,13.2,1.3,2.4,0.527,1.3,2.3,0.539,0.0,0.1,0.0,0.9,1.7,0.524,1.2,2.1,3.3,0.4,0.6,1.4,1.0,2.3,3.4,6.82,daniel orton,False
30,Marquette,138,118,26.4,4.8,10.7,0.452,3.6,7.3,0.497,1.2,3.4,0.357,2.6,3.3,0.789,2.2,4.4,6.6,0.9,1.1,0.3,1.7,2.7,13.5,7.79,lazar hayward,False
32,Texas,134,59,12.2,2.5,4.0,0.623,2.5,4.0,0.623,0.0,0.0,,1.6,2.6,0.601,2.0,1.9,3.9,0.3,0.2,0.9,1.1,2.0,6.6,7.54,dexter pittman,False
33,Marshall,34,23,26.1,4.9,9.4,0.524,4.8,9.2,0.522,0.1,0.1,0.6,3.2,5.5,0.588,2.7,6.2,8.9,0.3,0.6,5.4,1.9,2.4,13.1,1.57,hassan whiteside,False
34,Nevada,101,99,32.7,5.4,11.6,0.467,4.7,9.2,0.514,0.7,2.4,0.289,2.8,3.7,0.75,0.8,2.9,3.7,4.4,0.8,0.2,2.7,1.7,14.3,1.28,armon johnson,False
36,Ole Miss,66,55,30.8,5.3,12.3,0.429,3.4,7.0,0.491,1.9,5.4,0.347,2.0,3.0,0.68,1.2,2.8,4.0,1.9,0.8,0.2,1.5,1.8,14.5,5.59,terrico white,False
37,New Mexico,35,35,33.6,5.5,12.5,0.44,4.4,9.5,0.465,1.1,3.1,0.361,3.7,5.7,0.653,2.1,7.1,9.3,4.6,1.3,0.4,3.0,1.9,15.9,3.84,darington hobson,False
38,Syracuse,127,65,24.4,2.8,7.1,0.396,0.6,1.2,0.506,2.2,5.9,0.374,0.9,1.2,0.763,0.4,2.2,2.6,2.7,1.4,0.2,1.7,1.9,8.8,7.83,andy rautins,False
39,Stanford,129,65,23.6,3.9,8.4,0.463,3.1,6.0,0.51,0.8,2.3,0.342,2.3,3.3,0.676,1.6,3.5,5.0,1.6,0.9,0.4,1.5,1.6,10.8,7.35,landry fields,False
40,Cincinnati,34,32,28.2,4.8,10.8,0.44,4.3,8.7,0.495,0.5,2.1,0.219,2.3,3.5,0.664,1.9,3.5,5.4,2.5,0.9,0.2,2.4,1.9,12.3,8.45,lance stephenson,False
41,Mississippi State,141,119,25.5,3.9,6.6,0.589,3.9,6.6,0.591,0.0,0.0,0.25,2.2,3.6,0.595,2.5,5.3,7.8,0.6,0.5,4.0,1.4,2.4,10.0,5.47,jarvis varnado,False
43,West Virginia,69,65,32.1,4.0,8.6,0.463,3.9,7.6,0.51,0.1,1.0,0.114,3.1,4.2,0.736,2.8,5.2,7.9,2.6,0.9,0.7,2.1,1.7,11.2,9.3,devin ebanks,False
44,Tulsa,133,119,24.2,4.1,7.2,0.567,4.1,7.2,0.567,0.0,0.0,,3.1,4.5,0.696,2.2,5.2,7.4,0.8,0.4,2.5,2.0,2.5,11.3,2.63,jerome jordan,False
46,Georgia Tech,99,91,24.3,4.5,8.2,0.548,4.5,8.2,0.55,0.0,0.0,0.0,2.8,5.0,0.552,2.7,4.5,7.2,0.4,0.6,1.3,2.1,2.4,11.8,8.64,gani lawal,False
47,Oklahoma,30,21,24.0,4.1,7.4,0.547,3.9,6.9,0.573,0.1,0.6,0.235,2.1,3.0,0.697,2.8,5.2,7.9,0.8,0.7,0.8,2.3,2.8,10.3,7.79,tiny gallon,False
50,Florida State,77,68,22.0,3.5,6.6,0.534,3.5,6.6,0.535,0.0,0.0,0.0,2.1,2.9,0.745,2.1,3.3,5.4,0.4,0.5,2.1,1.7,2.1,9.1,7.34,solomon alabi,False
52,Notre Dame,129,108,29.2,7.3,15.3,0.476,6.9,14.3,0.486,0.3,1.0,0.326,4.4,5.6,0.782,3.0,6.5,9.5,1.6,0.8,0.7,1.8,2.4,19.2,6.73,luke harangody,False
54,Oklahoma,57,53,31.7,4.9,10.6,0.459,3.2,5.8,0.55,1.7,4.9,0.35,3.8,4.8,0.788,0.6,2.1,2.6,3.5,1.1,0.1,2.8,2.3,15.2,7.33,willie warren,False
55,Western Kentucky,134,130,23.5,3.2,5.0,0.639,3.1,4.7,0.654,0.1,0.2,0.364,1.5,2.2,0.684,2.4,3.5,5.9,0.5,0.6,1.7,1.0,2.4,7.9,-1.72,jeremy evans,False
57,Florida State,126,66,20.2,1.9,3.8,0.495,1.9,3.8,0.494,0.0,0.0,1.0,1.2,2.0,0.604,1.7,2.2,3.9,0.7,0.5,0.6,1.6,1.9,5.0,7.66,ryan reid,False
59,UConn,126,103,26.2,3.9,8.0,0.485,3.3,6.3,0.52,0.6,1.7,0.351,1.4,2.2,0.646,2.1,4.1,6.2,1.0,0.6,1.0,1.7,1.6,9.8,7.64,stanley robinson,False
60,Miami (FL),126,99,23.6,3.7,6.5,0.565,3.7,6.5,0.565,0.0,0.0,,2.5,4.5,0.563,3.0,4.0,7.0,0.9,0.7,0.7,1.8,2.1,9.9,7.58,dwayne collins,False
1,Duke,11,8,27.5,5.0,9.5,0.529,3.4,5.9,0.569,1.6,3.5,0.462,5.8,6.5,0.901,0.5,2.8,3.4,4.3,1.5,0.5,2.5,2.1,17.5,8.32,kyrie irving,True
8,Kentucky,38,38,35.9,5.7,13.5,0.423,3.4,7.4,0.461,2.3,6.1,0.377,3.6,4.5,0.795,0.7,3.4,4.0,4.2,0.7,0.2,3.2,2.2,17.3,8.91,brandon knight,True
9,UConn,111,77,32.9,5.2,12.2,0.428,4.1,8.7,0.469,1.1,3.5,0.326,4.5,5.8,0.783,1.0,3.4,4.4,4.1,1.7,0.3,2.3,1.5,16.1,9.39,kemba walker,True
10,BYU,139,102,29.6,6.0,13.3,0.455,3.9,7.8,0.497,2.1,5.4,0.394,4.5,5.1,0.882,0.5,2.1,2.6,3.7,1.2,0.1,2.5,1.2,18.7,3.56,jimmer fredette,True
11,Washington State,98,96,34.4,6.1,14.4,0.424,3.6,8.1,0.45,2.5,6.3,0.39,3.2,3.9,0.827,0.9,3.9,4.8,2.6,1.3,0.8,2.9,2.5,17.9,6.32,klay thompson,True
12,Colorado,68,67,30.9,6.2,12.6,0.495,5.5,10.4,0.533,0.7,2.2,0.313,5.9,7.3,0.804,2.2,3.6,5.8,2.4,1.1,0.4,2.3,2.4,19.0,6.65,alec burks,True
13,Kansas,109,43,19.3,3.1,5.7,0.553,2.8,4.8,0.579,0.3,0.9,0.404,1.9,2.9,0.653,2.0,4.1,6.1,1.2,0.6,0.9,1.6,2.7,8.5,7.92,markieff morris,True
14,Kansas,109,90,24.0,4.7,8.4,0.555,4.3,7.3,0.585,0.4,1.1,0.358,2.9,4.3,0.66,2.4,3.8,6.2,1.3,0.9,0.4,1.6,2.6,12.6,7.92,marcus morris,True
15,San Diego State,70,69,31.9,5.4,12.0,0.449,4.8,9.7,0.497,0.6,2.3,0.25,2.8,3.7,0.744,3.3,6.9,10.2,2.2,1.4,0.6,2.2,2.5,14.1,5.29,kawhi leonard,False
17,Georgia Tech,92,91,31.3,4.2,10.6,0.396,3.0,6.7,0.45,1.2,4.0,0.305,3.1,4.1,0.738,1.1,3.4,4.5,4.2,2.3,0.2,3.0,2.7,12.7,7.34,iman shumpert,False
18,Florida State,95,91,29.1,3.5,8.4,0.419,2.4,5.1,0.476,1.1,3.3,0.33,2.1,3.5,0.592,2.0,4.2,6.2,1.5,1.9,1.4,2.4,3.1,10.3,7.05,chris singleton,False
19,Tennessee,34,33,29.2,5.4,11.8,0.46,4.8,9.6,0.497,0.7,2.2,0.303,3.8,5.0,0.753,2.0,5.3,7.3,1.3,0.7,0.9,1.8,2.1,15.3,8.73,tobias harris,False
21,Duke,143,97,26.9,4.7,10.4,0.448,3.5,7.3,0.482,1.2,3.2,0.368,2.9,3.6,0.8,0.8,2.0,2.8,2.8,1.0,0.1,2.0,1.9,13.4,8.97,nolan smith,False
24,Boston College,99,52,28.0,4.6,9.9,0.465,3.4,6.4,0.527,1.2,3.5,0.351,2.3,3.0,0.753,1.4,3.0,4.4,3.5,0.8,0.5,2.1,1.7,12.7,7.25,reggie jackson,False
25,Providence,113,56,25.3,5.2,11.2,0.464,3.8,7.0,0.543,1.4,4.2,0.333,2.6,3.6,0.739,1.6,2.7,4.3,1.5,1.1,0.7,1.8,2.0,14.4,7.44,marshon brooks,False
27,Purdue,140,119,27.5,5.0,10.1,0.501,4.9,9.6,0.512,0.1,0.4,0.25,3.5,4.7,0.743,2.0,4.1,6.1,0.7,0.7,1.9,1.3,1.8,13.7,7.64,jajuan johnson,False
29,Texas,36,36,32.4,3.8,8.9,0.422,2.3,5.4,0.429,1.4,3.5,0.413,1.4,2.0,0.699,0.6,2.9,3.6,3.0,1.0,0.3,1.5,1.8,10.4,7.96,cory joseph,False
30,Marquette,106,69,29.6,3.7,7.2,0.508,3.3,6.4,0.525,0.3,0.9,0.383,4.3,5.6,0.773,2.3,3.1,5.5,1.7,1.1,0.5,1.0,1.7,12.0,8.21,jimmy butler,False
32,Richmond,137,96,22.9,3.9,8.1,0.483,2.6,4.7,0.557,1.3,3.4,0.382,1.5,2.1,0.711,1.4,3.3,4.8,0.7,0.6,0.8,1.3,2.2,10.6,2.46,justin harper,False
33,Duke,148,147,33.0,5.5,12.7,0.433,3.7,7.7,0.479,1.8,5.0,0.363,3.4,4.3,0.773,2.4,4.4,6.9,2.0,1.1,0.7,2.1,2.6,16.2,8.97,kyle singler,False
34,Butler,108,107,31.2,4.8,11.4,0.419,2.8,5.8,0.48,2.0,5.6,0.357,2.6,3.4,0.755,0.8,3.4,4.2,3.3,1.1,0.1,2.2,1.9,14.1,4.05,shelvin mack,False
35,UCLA,59,51,31.7,3.6,8.4,0.431,2.5,5.3,0.473,1.1,3.1,0.359,2.0,2.9,0.684,1.7,5.2,6.9,2.8,1.2,1.7,2.8,1.9,10.3,7.9,tyler honeycutt,False
36,Maryland,66,64,28.6,5.1,9.7,0.528,5.1,9.7,0.528,0.0,0.0,,3.0,5.3,0.559,3.3,6.9,10.2,0.4,0.7,1.2,1.3,2.6,13.2,6.85,jordan williams,False
37,Georgia,89,81,29.5,6.0,12.8,0.469,5.1,10.3,0.496,0.9,2.5,0.357,2.8,3.8,0.729,2.0,5.8,7.8,1.4,1.0,1.3,2.6,2.2,15.7,6.56,trey thompkins,False
38,Florida,142,81,27.9,3.7,7.8,0.477,2.6,4.6,0.575,1.1,3.2,0.337,1.7,2.8,0.611,1.9,4.1,6.0,2.4,0.9,0.3,1.6,2.0,10.2,5.9,chandler parsons,False
40,Wisconsin,123,68,22.8,4.2,8.7,0.482,3.4,6.5,0.521,0.8,2.2,0.368,2.0,2.7,0.723,1.3,3.2,4.5,1.1,0.4,0.7,1.2,1.6,11.2,8.06,jon leuer,False
41,Michigan,67,53,29.8,3.8,8.0,0.469,3.4,6.5,0.528,0.3,1.5,0.223,2.0,2.9,0.695,0.7,2.3,2.9,4.8,0.8,0.1,2.3,2.0,9.9,10.03,darius morris,False
43,UCLA,94,65,26.7,3.3,7.5,0.441,2.6,4.8,0.533,0.8,2.7,0.278,2.3,3.2,0.717,0.8,2.2,3.0,2.0,0.8,0.2,1.7,2.0,9.7,7.66,malcolm lee,False
44,Hofstra,128,128,35.9,6.6,14.5,0.456,5.2,10.8,0.482,1.4,3.7,0.382,5.0,6.2,0.811,1.0,3.3,4.3,3.8,1.7,0.6,3.0,2.5,19.6,-1.45,charles jenkins,False
45,Kentucky,94,40,15.8,2.0,3.6,0.549,1.9,3.3,0.571,0.1,0.3,0.31,0.6,1.0,0.649,1.9,2.8,4.7,0.4,0.5,0.9,0.6,1.4,4.7,6.85,josh harrellson,False
46,College of Charleston,140,124,32.8,6.8,14.9,0.457,4.0,8.1,0.494,2.8,6.8,0.413,1.9,2.2,0.838,0.6,2.7,3.3,3.0,0.9,0.3,2.2,1.5,18.4,-2.92,andrew goudelock,False
47,Georgia,90,68,26.1,4.6,9.6,0.482,4.4,9.0,0.492,0.2,0.6,0.333,2.7,3.7,0.743,2.7,3.4,6.1,2.1,1.1,0.7,2.0,1.8,12.2,6.56,travis leslie,False
48,Oakland,135,126,26.8,5.1,9.1,0.558,5.0,8.9,0.562,0.1,0.2,0.379,3.9,5.7,0.679,2.5,5.7,8.2,0.7,0.5,2.7,1.4,2.8,14.1,-1.32,keith benson,False
49,Kansas,26,11,20.4,2.8,7.4,0.373,1.5,3.8,0.384,1.3,3.6,0.362,1.1,1.4,0.757,0.4,1.8,2.2,2.2,0.8,0.0,2.0,1.7,7.9,7.62,josh selby,False
50,Temple,135,130,32.2,4.4,8.2,0.534,4.2,7.7,0.549,0.1,0.5,0.288,1.6,2.4,0.671,3.0,5.5,8.5,2.1,0.5,1.6,1.4,2.5,10.5,4.24,lavoy allen,False
51,Ohio State,144,114,32.6,3.3,7.7,0.427,0.7,1.5,0.474,2.6,6.3,0.416,1.5,1.8,0.821,0.3,2.5,2.8,1.9,1.0,0.2,1.2,1.3,10.7,7.99,jon diebler,False
53,Kentucky,100,29,21.9,1.9,4.8,0.407,1.3,2.9,0.455,0.6,1.9,0.332,1.3,2.0,0.643,0.5,2.5,3.0,2.1,0.9,0.5,1.5,1.9,5.8,6.85,deandre liggins,False
60,Washington,105,104,30.4,5.3,12.4,0.426,3.7,7.6,0.49,1.6,4.8,0.325,4.3,6.0,0.713,0.7,2.8,3.5,4.0,1.2,0.1,2.7,2.0,16.4,7.81,isaiah thomas,False
3,Florida,37,37,34.2,4.7,10.6,0.445,3.0,5.6,0.541,1.7,5.0,0.339,3.6,4.7,0.769,1.4,5.4,6.7,2.2,1.4,0.8,2.1,2.1,14.8,7.33,bradley beal,True
4,Syracuse,71,0,20.4,3.5,7.7,0.453,2.5,4.9,0.513,1.0,2.8,0.348,1.8,2.3,0.753,0.4,1.5,1.9,2.0,1.5,0.2,1.1,1.6,9.7,8.4,dion waiters,True
6,Weber State,104,98,32.3,5.6,12.6,0.446,3.3,6.5,0.497,2.4,6.1,0.39,5.0,5.8,0.867,0.4,3.9,4.3,3.5,1.2,0.2,2.4,2.1,18.6,-2.21,damian lillard,True
7,UNC,75,73,29.3,5.8,13.6,0.43,4.3,9.1,0.469,1.5,4.4,0.349,3.1,4.3,0.734,2.0,3.5,5.5,1.3,0.9,0.4,1.9,1.9,16.3,8.61,harrison barnes,True
8,Washington,69,39,24.4,4.6,10.1,0.453,2.9,5.5,0.528,1.7,4.6,0.364,1.4,1.8,0.764,1.1,3.5,4.7,1.2,0.9,0.7,1.4,2.4,12.3,6.51,terrence ross,True
9,UConn,34,30,28.4,4.6,8.6,0.538,4.6,8.5,0.541,0.0,0.1,0.0,0.8,2.6,0.295,3.4,4.2,7.6,0.4,0.8,2.7,1.5,2.2,10.0,8.07,andre drummond,True
10,Duke,34,33,33.2,5.1,11.8,0.433,3.4,7.1,0.477,1.7,4.7,0.365,3.6,5.4,0.658,0.6,2.8,3.4,2.1,1.0,0.0,2.3,2.2,15.5,8.4,austin rivers,True
11,Illinois,65,30,19.8,3.0,5.4,0.567,3.0,5.2,0.585,0.0,0.2,0.083,1.6,2.2,0.729,1.3,3.4,4.7,0.7,0.3,1.1,1.4,2.2,7.7,9.55,meyers leonard,True
12,UConn,75,74,32.1,5.3,11.0,0.482,3.8,6.6,0.573,1.6,4.5,0.348,1.9,2.4,0.806,1.1,3.6,4.7,1.7,1.0,0.6,1.6,1.6,14.1,9.25,jeremy lamb,True
13,UNC,73,55,28.8,2.5,5.6,0.446,1.8,3.8,0.484,0.7,1.8,0.366,1.5,2.2,0.693,0.2,2.2,2.3,8.0,1.1,0.1,2.6,1.5,7.2,8.61,kendall marshall,True
14,UNC,109,82,23.8,4.4,8.8,0.497,4.3,8.5,0.505,0.0,0.2,0.208,1.6,3.2,0.484,2.5,5.7,8.1,1.0,0.6,2.5,1.5,1.5,10.3,9.02,john henson,True
16,Iowa State,34,33,31.5,5.1,9.6,0.534,5.0,9.3,0.541,0.1,0.4,0.333,3.0,6.0,0.498,2.5,6.8,9.3,5.0,1.2,0.9,3.8,2.6,13.4,7.32,royce white,False
17,UNC,117,75,23.0,4.7,8.6,0.543,4.7,8.6,0.544,0.0,0.0,0.0,3.5,4.5,0.775,2.7,4.0,6.7,0.6,0.7,1.1,1.4,2.3,12.8,8.85,tyler zeller,False
18,Kentucky,76,69,30.4,5.0,10.8,0.467,4.5,9.1,0.493,0.6,1.7,0.328,3.4,5.3,0.638,2.5,5.5,8.0,1.5,1.2,1.8,1.8,2.4,14.0,8.42,terrence jones,False
19,St. Bonaventure,123,118,29.9,6.6,11.4,0.575,6.3,10.8,0.586,0.2,0.6,0.377,3.7,5.1,0.72,2.2,5.0,7.2,0.7,0.5,2.0,2.4,3.0,17.1,1.35,andrew nicholson,False
21,Ohio State,74,72,31.0,6.1,11.5,0.53,5.8,10.8,0.541,0.3,0.7,0.365,4.9,6.7,0.733,3.3,6.4,9.7,1.2,1.1,0.8,1.8,2.7,17.3,8.73,jared sullinger,False
22,Syracuse,63,54,17.3,2.1,3.6,0.576,2.1,3.6,0.576,0.0,0.0,,0.7,1.3,0.553,1.6,2.2,3.8,0.5,0.4,1.8,1.1,2.3,4.9,8.4,fab melo,False
23,Vanderbilt,98,74,30.6,5.3,11.2,0.468,2.1,4.1,0.521,3.1,7.1,0.438,3.3,3.8,0.856,0.4,2.3,2.7,1.1,0.7,0.3,1.3,1.2,16.9,7.59,john jenkins,False
25,Washington,35,27,30.3,5.7,12.8,0.443,5.4,11.2,0.483,0.3,1.6,0.161,4.4,7.5,0.583,2.3,2.7,5.0,3.7,1.9,0.4,3.8,2.7,16.0,5.27,tony wroten,False
26,Duke,135,58,15.8,1.9,3.5,0.557,1.9,3.5,0.557,0.0,0.0,1.0,0.9,1.5,0.625,1.8,3.0,4.8,0.3,0.5,0.6,1.0,2.3,4.8,8.75,miles plumlee,False
28,Baylor,63,62,32.2,5.5,10.5,0.522,5.3,9.8,0.539,0.2,0.7,0.279,2.6,3.8,0.678,2.7,4.7,7.4,1.2,0.7,0.7,2.0,2.3,13.7,6.41,perry jones,False
29,Kentucky,40,40,32.6,3.6,8.8,0.412,3.0,6.8,0.438,0.7,2.0,0.325,2.1,3.0,0.714,0.4,2.1,2.5,4.8,0.9,0.3,2.7,2.3,10.0,7.93,marquis teague,False
30,Vanderbilt,121,67,17.9,2.7,4.9,0.562,2.7,4.9,0.562,0.0,0.0,,2.3,3.9,0.584,1.8,2.7,4.5,0.1,0.3,1.7,1.6,2.6,7.7,6.64,festus ezeli,False
34,Marquette,72,52,30.2,5.2,10.6,0.492,3.8,6.5,0.581,1.4,4.1,0.35,2.7,4.0,0.683,2.1,5.4,7.6,1.8,1.9,0.9,1.0,2.5,14.6,8.0,jae crowder,False
35,Michigan State,145,66,25.0,3.7,8.0,0.467,3.1,6.3,0.496,0.6,1.7,0.361,2.3,3.4,0.687,2.0,5.6,7.6,2.9,1.2,0.8,1.9,2.7,10.5,9.76,draymond green,False
37,Baylor,139,66,25.1,3.6,6.0,0.602,3.6,6.0,0.604,0.0,0.1,0.429,2.5,3.6,0.708,2.2,3.8,6.0,0.6,0.7,1.3,1.5,2.6,9.8,7.2,quincy acy,False
38,Baylor,37,35,24.4,3.7,8.4,0.447,3.1,6.5,0.475,0.6,1.9,0.348,2.5,3.1,0.816,1.5,3.5,4.9,1.4,0.7,0.6,1.8,1.9,10.6,8.03,quincy miller,False
39,Texas A&M,87,72,26.0,3.9,9.1,0.431,2.9,5.8,0.494,1.1,3.3,0.321,2.4,3.1,0.768,1.5,3.0,4.6,2.0,1.0,0.2,2.0,2.1,11.3,7.42,khris middleton,False
40,Memphis,70,59,32.9,5.7,12.0,0.471,4.6,8.4,0.546,1.1,3.6,0.299,2.7,3.7,0.733,1.7,4.8,6.5,2.9,1.5,0.6,2.3,2.2,15.2,4.2,will barton,False
41,Kansas,146,126,27.7,3.8,7.9,0.477,3.0,5.7,0.518,0.8,2.2,0.37,2.5,3.5,0.708,0.3,1.9,2.2,3.9,1.2,0.2,2.6,2.1,10.8,8.42,tyshawn taylor,False
42,Kentucky,78,49,29.8,4.3,8.9,0.485,2.5,5.0,0.492,1.8,3.9,0.475,2.6,3.2,0.811,0.4,1.9,2.3,1.6,0.5,0.1,1.2,2.0,13.1,8.42,doron lamb,False
44,Missouri,141,106,24.2,3.7,8.7,0.42,2.0,4.4,0.444,1.7,4.3,0.394,2.1,2.9,0.727,0.7,2.4,3.0,1.4,1.1,0.2,1.7,1.8,11.1,6.32,kim english,False
46,Kentucky,152,82,24.9,2.9,6.5,0.448,1.8,3.5,0.509,1.2,3.0,0.379,1.2,1.5,0.815,1.0,2.2,3.2,1.8,0.8,0.7,1.4,2.3,8.2,7.12,darius miller,False
51,Syracuse,140,77,26.6,3.5,7.8,0.449,2.7,5.4,0.501,0.8,2.4,0.331,2.7,3.9,0.702,1.3,3.2,4.5,1.5,1.3,0.5,1.6,1.6,10.5,8.37,kris joseph,False
58,Purdue,127,120,30.2,4.6,10.4,0.443,2.9,6.0,0.483,1.7,4.4,0.389,3.1,3.7,0.841,1.9,4.9,6.8,2.1,1.0,0.9,1.1,2.4,14.0,7.48,robbie hummel,False
59,Missouri,141,71,25.5,4.2,9.3,0.455,2.2,4.3,0.518,2.0,5.0,0.401,2.1,2.6,0.799,0.9,2.5,3.4,1.7,1.3,0.1,1.0,1.3,12.6,6.32,marcus denmon,False
60,Gonzaga,136,111,21.7,3.0,6.0,0.504,3.0,5.9,0.505,0.0,0.0,0.25,3.3,4.5,0.735,1.8,3.2,5.0,0.7,0.5,1.4,1.6,2.3,9.3,3.36,robert sacre,False
1,UNLV,35,31,27.1,5.8,10.8,0.533,4.7,8.1,0.587,1.0,2.7,0.375,3.5,5.1,0.701,2.5,5.7,8.1,1.0,0.7,1.2,1.9,2.3,16.1,5.6,anthony bennett,True
2,Indiana,104,75,24.6,3.9,7.3,0.538,3.4,5.9,0.585,0.5,1.4,0.338,2.5,3.5,0.716,2.0,3.2,5.2,1.7,1.5,0.5,2.0,2.4,10.7,7.95,victor oladipo,True
4,Indiana,72,72,29.0,5.5,9.4,0.592,5.5,9.3,0.594,0.0,0.0,0.0,5.0,6.6,0.756,2.6,4.7,7.3,1.3,1.2,1.2,2.0,2.5,16.1,8.09,cody zeller,True
5,Maryland,60,48,24.5,3.8,7.0,0.538,3.7,6.8,0.548,0.0,0.2,0.111,2.2,3.3,0.663,2.4,4.5,7.0,0.8,0.2,2.1,1.6,2.6,9.7,5.33,alex len,True
6,Kentucky,24,24,31.9,4.1,6.9,0.59,4.1,6.9,0.59,0.0,0.0,,2.3,4.3,0.529,2.7,6.8,9.5,1.6,2.1,4.4,1.9,2.6,10.5,5.81,nerlens noel,True
7,Kansas,37,36,32.2,5.4,10.8,0.495,3.4,6.1,0.553,2.0,4.7,0.42,3.2,3.7,0.87,1.3,3.9,5.2,2.0,1.0,0.7,2.1,1.9,15.9,7.55,ben mclemore,True
9,Michigan,73,71,35.7,6.0,13.3,0.45,4.2,8.3,0.499,1.8,5.0,0.367,3.1,4.0,0.777,0.6,2.7,3.3,5.7,1.3,0.5,2.5,1.7,16.9,9.52,trey burke,True
10,Lehigh,111,108,32.9,6.9,15.7,0.439,5.0,10.5,0.47,2.0,5.2,0.377,5.5,6.7,0.825,1.5,4.8,6.3,2.7,2.1,0.5,2.4,1.8,21.3,-5.41,cj mccollum,True
12,Pitt,32,32,23.4,3.1,5.5,0.571,3.1,5.5,0.571,0.0,0.0,,1.0,2.2,0.443,2.8,3.5,6.3,0.6,0.7,2.0,1.1,1.6,7.2,5.66,steven adams,True
13,Gonzaga,101,31,17.2,3.3,5.6,0.594,3.1,4.9,0.634,0.2,0.7,0.333,2.0,2.8,0.709,1.5,3.1,4.6,1.1,0.5,0.5,1.4,2.0,8.9,3.99,kelly olynyk,True
14,UCLA,32,30,30.8,6.3,14.3,0.443,5.1,10.9,0.463,1.3,3.3,0.377,4.0,5.6,0.711,2.7,2.5,5.2,0.8,0.7,0.1,1.6,1.7,17.9,7.77,shabazz muhammad,True
18,Miami (FL),68,54,31.3,3.8,8.6,0.438,2.3,4.6,0.491,1.5,4.0,0.375,2.2,2.7,0.808,0.5,2.7,3.2,3.6,1.8,0.1,2.1,1.6,11.2,7.02,shane larkin,False
20,New Mexico,104,76,24.8,3.0,7.1,0.421,1.4,2.9,0.48,1.6,4.2,0.38,1.6,1.9,0.821,0.4,2.0,2.4,2.0,0.5,0.3,1.5,1.2,9.2,4.94,tony snell,False
21,Louisville,102,81,27.3,3.3,6.1,0.545,3.3,6.0,0.546,0.0,0.0,0.333,1.7,2.7,0.64,3.0,4.9,7.9,1.2,1.0,2.6,1.6,2.7,8.3,8.79,gorgui dieng,False
22,Duke,141,99,25.9,3.7,6.5,0.574,3.7,6.4,0.578,0.0,0.1,0.2,2.4,4.0,0.583,2.4,5.4,7.7,1.5,0.8,1.4,2.0,2.5,9.8,8.87,mason plumlee,False
23,Arizona,139,129,29.0,3.5,7.3,0.481,2.7,5.1,0.528,0.8,2.2,0.375,2.5,3.3,0.745,1.8,3.8,5.6,2.2,0.9,0.4,2.1,2.4,10.3,7.05,solomon hill,False
26,Colorado,105,65,28.3,3.6,7.1,0.516,3.2,5.7,0.555,0.5,1.4,0.35,1.9,3.2,0.582,2.9,7.0,10.0,1.1,1.6,1.4,1.7,2.6,9.6,6.42,andre roberson,False
29,Kentucky,33,33,31.8,4.8,10.8,0.44,4.2,8.9,0.478,0.5,1.9,0.266,4.1,6.4,0.637,1.5,3.2,4.6,2.7,1.1,0.5,3.1,2.9,14.1,5.81,archie goodwin,False
31,California,98,97,34.7,5.4,12.2,0.446,3.3,6.6,0.5,2.1,5.6,0.382,2.7,3.3,0.819,0.9,4.8,5.7,2.2,0.9,0.6,1.9,1.7,15.7,7.14,allen crabbe,False
33,Arizona State,94,69,27.9,3.6,8.0,0.456,2.6,4.7,0.545,1.1,3.2,0.326,1.9,2.6,0.704,1.3,3.5,4.8,1.3,1.0,0.8,1.7,2.4,10.2,5.36,carrick felix,False
34,Murray State,132,83,29.4,4.8,10.7,0.45,2.5,5.2,0.483,2.3,5.5,0.419,3.6,4.5,0.803,0.6,2.2,2.8,2.9,1.2,0.1,2.4,1.8,15.5,-3.55,isaiah canaan,False
38,South Dakota State,127,109,33.1,6.1,13.5,0.45,4.8,9.9,0.49,1.2,3.6,0.342,5.1,6.4,0.803,0.9,3.8,4.7,5.3,1.5,0.2,2.2,1.8,18.5,-3.56,nate wolters,False
39,Kansas,117,76,19.8,2.8,4.9,0.568,2.8,4.9,0.567,0.0,0.0,1.0,2.4,3.3,0.726,1.6,3.8,5.4,0.6,0.5,2.7,1.2,1.8,8.0,8.34,jeff withey,False
40,Arizona,34,2,17.8,1.9,4.5,0.409,0.9,2.2,0.413,0.9,2.3,0.405,0.5,0.6,0.818,1.1,2.5,3.6,0.5,0.5,1.0,0.6,1.3,5.2,7.48,grant jerrett,False
41,San Diego State,85,54,25.9,4.3,10.0,0.426,3.1,6.2,0.504,1.2,3.8,0.302,4.0,5.1,0.78,1.5,5.5,7.0,1.9,1.0,0.6,2.6,2.1,13.7,5.43,jamaal franklin,False
42,Baylor,74,55,32.8,5.3,11.9,0.441,3.1,6.4,0.496,2.1,5.6,0.379,4.0,5.0,0.808,0.8,2.5,3.3,6.5,1.6,0.0,3.5,2.3,16.7,7.58,pierre jackson,False
44,Bucknell,133,118,28.7,5.4,10.8,0.501,5.3,10.3,0.51,0.2,0.5,0.313,4.3,5.2,0.819,2.3,6.0,8.2,1.6,0.4,2.0,1.6,2.3,15.3,-3.93,mike muscala,False
46,Virginia Tech,129,89,28.3,4.6,10.5,0.437,3.5,7.3,0.48,1.1,3.2,0.338,3.2,4.0,0.804,0.5,2.1,2.6,2.5,1.2,0.2,1.4,1.6,13.5,5.99,erick green,False
49,Florida,136,67,18.3,2.9,5.7,0.514,1.9,3.3,0.572,1.1,2.4,0.435,0.8,1.1,0.757,1.2,2.6,3.7,0.7,0.4,0.6,1.0,2.2,7.7,7.23,erik murphy,False
52,NC State,101,95,32.6,4.1,9.5,0.429,3.4,7.4,0.464,0.6,2.1,0.305,2.8,3.8,0.741,0.7,3.5,4.2,5.8,1.7,0.5,3.0,1.9,11.6,6.93,lorenzo brown,False
56,Louisville,144,113,26.2,2.9,6.9,0.417,2.2,4.5,0.482,0.7,2.4,0.291,2.0,2.8,0.737,0.3,2.1,2.4,4.7,1.8,0.1,2.7,2.6,8.4,8.59,peyton siva,False
58,Ohio State,113,77,27.0,5.4,11.2,0.478,4.1,7.5,0.545,1.3,3.7,0.342,2.4,3.0,0.802,2.0,3.0,5.0,0.9,0.4,0.2,1.1,1.4,14.4,8.93,deshaun thomas,False
1,Kansas,35,35,32.8,5.4,12.1,0.448,4.2,8.5,0.493,1.2,3.6,0.341,5.0,6.5,0.775,2.2,3.7,5.9,1.5,1.2,1.0,2.3,2.7,17.1,11.4,andrew wiggins,True
2,Duke,35,35,30.7,6.7,14.3,0.473,5.7,11.2,0.504,1.1,3.0,0.358,4.6,6.1,0.748,3.0,5.7,8.7,1.2,1.1,1.2,2.3,2.4,19.1,8.48,jabari parker,True
3,Kansas,28,20,23.1,3.8,6.1,0.626,3.8,5.9,0.639,0.0,0.2,0.2,3.5,5.1,0.685,2.3,5.8,8.1,1.4,0.9,2.6,2.4,3.4,11.2,11.4,joel embiid,True
4,Arizona,38,38,31.2,5.0,10.1,0.495,4.6,8.9,0.513,0.4,1.2,0.356,2.0,4.7,0.422,2.7,5.3,8.0,2.0,0.9,1.0,1.4,2.4,12.4,9.04,aaron gordon,True
6,Oklahoma State,64,63,33.1,4.9,11.9,0.413,3.5,7.3,0.488,1.4,4.6,0.295,5.5,7.3,0.751,1.5,4.4,5.9,4.5,2.9,0.6,3.0,2.9,16.6,7.53,marcus smart,True
7,Kentucky,40,40,30.8,4.9,9.8,0.501,4.8,9.3,0.517,0.1,0.5,0.167,5.1,7.2,0.706,3.5,6.9,10.4,1.4,0.5,0.8,2.5,2.3,15.0,9.9,julius randle,True
8,Michigan,75,69,32.9,4.3,9.2,0.467,2.0,4.0,0.5,2.3,5.2,0.441,3.2,3.9,0.832,0.5,2.5,2.9,2.3,0.6,0.3,1.5,1.0,14.1,9.85,nik stauskas,True
9,Indiana,30,29,26.5,3.8,7.2,0.523,3.2,6.1,0.53,0.5,1.1,0.485,3.2,4.5,0.716,2.4,6.6,9.0,0.6,0.9,1.4,2.1,2.7,11.3,6.64,noah vonleh,True
10,Louisiana,100,78,31.6,5.0,10.3,0.485,4.7,9.2,0.512,0.3,1.1,0.268,3.9,6.5,0.611,1.5,3.6,5.1,4.9,2.0,0.5,3.4,2.3,14.3,-1.59,elfrid payton,True
11,Creighton,145,145,31.5,7.9,14.3,0.55,6.0,10.2,0.587,1.9,4.1,0.458,4.1,4.9,0.831,1.9,5.6,7.5,1.3,0.2,0.1,2.2,1.8,21.7,4.29,doug mcdermott,True
13,UCLA,37,1,24.4,3.4,7.8,0.441,2.1,4.3,0.494,1.3,3.5,0.375,1.3,1.8,0.691,0.5,2.1,2.5,1.8,0.9,0.2,1.1,2.0,9.4,7.62,zach lavine,True
15,Michigan State,138,94,20.0,3.2,6.2,0.526,2.8,5.1,0.551,0.4,1.1,0.409,2.0,2.7,0.755,1.5,3.8,5.3,0.6,0.6,1.0,1.4,2.2,8.9,10.35,adreian payne,False
17,Kentucky,40,39,32.4,4.6,11.3,0.407,2.5,5.4,0.47,2.1,5.9,0.349,3.1,4.4,0.706,1.0,3.3,4.3,1.7,0.8,0.2,1.9,2.1,14.3,9.9,james young,False
18,Syracuse,34,34,35.7,4.4,10.6,0.411,3.5,8.1,0.429,0.9,2.5,0.353,3.4,4.4,0.765,0.8,2.6,3.4,5.5,2.1,0.2,1.7,2.0,12.9,7.25,tyler ennis,False
19,Michigan State,69,67,31.0,5.0,11.4,0.44,2.9,5.7,0.503,2.1,5.6,0.376,2.7,3.5,0.788,1.0,2.3,3.3,2.0,1.6,0.3,1.6,2.0,14.9,9.96,gary harris,False
21,Michigan,47,12,20.6,3.5,5.9,0.588,3.5,5.9,0.592,0.0,0.0,0.0,0.8,1.6,0.513,2.6,4.0,6.6,0.8,1.2,0.7,1.3,2.5,7.8,9.85,mitch mcgary,False
22,UCLA,69,63,30.2,5.4,11.6,0.467,4.0,7.3,0.548,1.4,4.3,0.331,4.2,5.0,0.839,1.3,3.3,4.6,2.1,2.4,0.2,1.4,2.1,16.4,7.69,jordan adams,False
24,UConn,143,98,32.3,4.2,10.1,0.411,2.3,5.3,0.444,1.8,4.8,0.375,3.6,4.4,0.813,0.7,3.3,4.0,4.5,1.8,0.2,2.4,2.1,13.7,8.64,shabazz napier,False
29,Stanford,135,75,25.0,2.9,6.4,0.451,2.4,4.9,0.492,0.5,1.5,0.319,1.3,2.1,0.61,2.2,4.0,6.2,0.8,0.5,1.4,0.9,1.7,7.5,6.38,josh huestis,False
34,Wichita State,75,58,26.2,4.9,10.5,0.47,3.4,6.2,0.555,1.5,4.3,0.348,3.7,4.6,0.819,1.8,3.8,5.7,0.7,0.8,0.8,1.7,2.4,15.1,3.91,cleanthony early,False
35,Tennessee,87,84,29.7,4.7,8.9,0.53,4.7,8.9,0.532,0.0,0.0,0.0,3.5,5.6,0.628,3.9,5.7,9.6,1.5,0.7,1.1,2.1,2.2,13.0,6.83,jarnell stokes,False
37,UConn,99,80,23.8,3.6,8.0,0.454,2.8,5.6,0.499,0.8,2.4,0.349,1.5,2.0,0.752,1.2,3.5,4.6,0.5,0.6,1.2,1.3,2.0,9.6,8.04,deandre daniels,False
38,Colorado,86,86,30.1,3.4,8.0,0.42,2.0,4.6,0.446,1.3,3.5,0.386,4.9,5.9,0.83,0.5,2.9,3.3,2.6,1.1,0.3,1.8,2.1,13.0,7.48,spencer dinwiddie,False
39,Syracuse,72,29,21.9,2.6,5.3,0.486,2.5,5.1,0.496,0.1,0.3,0.3,2.2,3.5,0.641,1.7,2.9,4.7,0.9,0.6,0.5,0.9,1.8,7.5,7.91,jerami grant,False
42,Arizona,108,101,30.9,4.1,9.7,0.421,2.8,6.0,0.459,1.3,3.7,0.359,2.8,3.9,0.734,0.6,3.1,3.7,2.8,1.3,0.6,1.8,2.0,12.3,7.05,nick johnson,False
44,Oklahoma State,134,103,30.5,4.1,9.4,0.439,3.0,6.2,0.486,1.1,3.1,0.347,3.0,4.1,0.733,0.8,3.5,4.3,2.3,1.0,0.8,1.8,2.1,12.4,7.74,markel brown,False
45,Stanford,136,105,26.2,3.8,8.2,0.464,3.5,7.3,0.484,0.2,0.8,0.289,3.0,4.1,0.722,1.7,4.6,6.3,1.8,0.9,0.9,2.1,2.9,10.8,6.38,dwight powell,False
47,Louisville,133,80,24.3,4.7,11.3,0.413,3.3,7.4,0.449,1.4,3.9,0.345,3.7,4.8,0.76,0.7,2.0,2.7,2.8,1.9,0.1,2.4,2.4,14.3,7.79,russ smith,False
48,Pitt,149,106,24.3,3.2,7.4,0.435,2.1,4.3,0.483,1.1,3.1,0.369,1.9,2.6,0.723,1.2,2.8,3.9,2.9,1.0,0.3,1.6,1.9,9.5,6.87,lamar patterson,False
49,New Mexico,134,55,20.8,3.1,6.0,0.517,3.1,6.0,0.519,0.0,0.0,0.333,3.0,4.2,0.717,1.7,3.0,4.8,0.8,0.5,0.7,1.2,2.1,9.2,4.92,cameron bairstow,False
50,Green Bay,126,125,29.3,4.8,10.3,0.465,4.2,8.8,0.476,0.6,1.5,0.4,3.1,4.2,0.748,2.3,4.1,6.3,0.9,0.6,2.5,2.1,2.7,13.3,0.76,alec brown,False
55,Xavier,64,63,34.8,5.7,12.3,0.462,5.3,11.1,0.476,0.4,1.2,0.338,4.4,6.6,0.67,0.3,2.5,2.8,4.4,1.4,0.2,3.1,2.4,16.2,6.55,semaj christon,False
58,Tennessee,114,74,27.1,4.4,10.4,0.417,2.8,5.9,0.475,1.6,4.6,0.343,3.1,4.0,0.769,0.7,2.6,3.3,1.8,0.6,0.9,2.0,1.9,13.3,7.3,jordan mcrae,False
60,Baylor,130,76,19.9,3.3,6.1,0.543,3.2,5.7,0.556,0.1,0.4,0.34,2.2,3.3,0.66,1.9,3.7,5.6,0.4,0.3,1.3,0.8,1.7,8.9,8.32,cory jefferson,False
3,Duke,38,38,30.1,7.3,11.1,0.664,7.3,11.1,0.664,0.0,0.0,,2.6,5.1,0.51,3.5,4.9,8.5,1.3,0.8,1.4,2.5,2.1,17.3,9.87,jahlil okafor,True
8,Arizona,38,37,28.4,4.6,10.3,0.446,3.4,7.2,0.478,1.1,3.1,0.371,3.5,4.7,0.742,2.0,4.5,6.5,1.7,1.5,0.4,2.2,2.6,13.8,7.41,stanley johnson,True
9,Wisconsin,144,79,20.4,3.7,7.0,0.522,3.0,5.1,0.58,0.7,1.9,0.369,2.1,2.7,0.763,1.3,3.4,4.6,1.3,0.5,1.1,0.8,1.6,10.1,9.61,frank kaminsky,True
10,Duke,39,39,29.1,4.4,9.1,0.486,3.3,6.3,0.516,1.2,2.8,0.418,2.6,4.0,0.641,1.3,5.2,6.5,2.1,1.3,0.9,1.8,2.8,12.6,9.87,justise winslow,True
11,Texas,34,7,22.2,3.4,7.6,0.455,2.9,5.7,0.513,0.5,1.8,0.274,2.8,3.3,0.839,1.3,5.2,6.5,0.6,0.3,2.6,1.4,2.4,10.1,9.07,myles turner,True
12,Kentucky,36,21,23.0,3.3,6.7,0.488,3.1,5.9,0.536,0.1,0.8,0.138,2.1,2.8,0.735,1.8,3.4,5.2,1.1,0.5,0.4,1.1,1.6,8.7,8.67,trey lyles,True
14,Murray State,69,69,32.4,6.3,14.6,0.432,4.0,8.3,0.487,2.3,6.3,0.359,3.7,4.7,0.781,0.4,3.2,3.7,5.7,1.8,0.5,2.9,2.4,18.5,-3.19,cameron payne,True
16,Louisville,73,45,26.8,4.2,10.3,0.408,3.1,6.8,0.447,1.2,3.5,0.331,2.4,3.1,0.772,1.0,3.3,4.3,2.4,1.5,0.1,1.4,1.6,12.0,6.89,terry rozier,False
17,UNLV,23,23,32.3,6.3,14.3,0.439,3.9,8.1,0.481,2.3,6.1,0.383,3.0,4.3,0.694,0.6,4.2,4.8,1.6,0.8,0.3,2.2,2.3,17.8,3.38,rashad vaughn,False
18,Wisconsin,113,81,27.9,4.4,9.0,0.493,3.2,5.3,0.591,1.3,3.6,0.348,2.0,2.8,0.695,1.6,3.4,5.0,1.3,0.6,0.5,1.0,1.2,12.1,10.07,sam dekker,False
19,Notre Dame,119,117,36.4,4.7,10.7,0.436,3.2,6.4,0.498,1.5,4.4,0.345,3.8,4.8,0.79,0.4,2.5,2.9,5.8,1.5,0.3,2.2,1.8,14.6,6.88,jerian grant,False
20,Utah,68,68,34.8,5.0,9.3,0.535,4.4,7.5,0.594,0.6,1.9,0.299,4.5,5.5,0.814,1.1,4.7,5.8,5.2,2.3,1.1,2.2,1.6,15.0,6.82,delon wright,False
21,Virginia,98,44,24.1,2.9,6.8,0.43,1.9,4.1,0.481,1.0,2.8,0.357,2.0,2.7,0.752,0.8,2.7,3.5,1.8,0.6,0.9,1.3,1.4,8.9,6.64,justin anderson,False
22,Arkansas,70,70,28.5,5.9,11.2,0.526,5.5,10.3,0.54,0.3,0.9,0.365,2.9,3.9,0.737,3.1,4.7,7.9,1.3,1.1,1.5,1.4,2.0,15.0,6.18,bobby portis,False
24,Duke,39,39,33.9,3.5,8.3,0.417,2.3,5.1,0.44,1.2,3.2,0.379,3.7,4.2,0.889,0.5,3.0,3.5,5.6,1.5,0.1,1.9,1.2,11.8,9.87,tyus jones,False
25,LSU,65,57,30.7,5.0,10.1,0.494,4.3,8.0,0.541,0.6,2.0,0.308,3.1,4.5,0.689,2.4,4.6,6.9,1.4,1.0,0.7,2.2,2.6,13.7,6.12,jarell martin,False
29,Syracuse,16,16,28.1,3.4,7.1,0.478,3.3,7.0,0.473,0.1,0.1,1.0,2.5,4.4,0.563,2.3,4.6,6.9,1.1,1.7,2.1,2.2,2.6,9.3,7.68,chris mccullough,False
30,UCLA,36,36,30.9,4.2,8.9,0.47,3.6,7.4,0.481,0.6,1.5,0.415,2.6,4.1,0.626,3.4,5.8,9.2,1.4,1.3,0.9,1.3,2.9,11.6,8.27,kevon looney,False
32,Louisville,112,75,26.4,4.8,8.1,0.586,4.7,7.8,0.6,0.1,0.4,0.275,1.9,3.6,0.533,2.6,4.3,6.9,0.9,0.8,1.1,1.3,1.9,11.6,7.64,montrezl harrell,False
33,LSU,65,65,33.8,5.6,10.8,0.518,5.6,10.6,0.527,0.0,0.2,0.071,2.9,4.3,0.669,2.7,6.1,8.8,1.2,0.8,3.4,2.8,2.4,14.0,6.12,jordan mickey,False
36,Syracuse,142,140,22.0,2.9,5.1,0.56,2.9,5.1,0.56,0.0,0.0,0.0,1.6,2.4,0.681,2.0,3.3,5.3,0.6,0.5,1.7,1.1,2.6,7.4,7.88,rakeem christmas,False
38,Villanova,132,112,26.8,3.7,8.5,0.436,2.1,4.2,0.507,1.6,4.3,0.367,2.4,3.2,0.748,0.5,2.5,3.0,1.9,1.3,0.4,1.6,2.1,11.4,7.81,darrun hilliard,False
41,Notre Dame,139,123,32.3,3.7,8.2,0.45,1.8,3.2,0.549,1.9,5.0,0.386,1.2,1.5,0.777,1.0,4.9,5.9,1.8,0.7,0.5,1.0,1.7,10.5,6.88,pat connaughton,False
42,Boston College,97,95,36.0,5.8,12.9,0.453,4.0,7.8,0.512,1.8,5.0,0.361,4.3,5.6,0.778,0.6,3.3,3.9,3.1,1.1,0.1,2.4,2.2,17.8,7.87,olivier hanlan,False
44,Kentucky,79,78,28.6,2.8,7.6,0.372,1.9,5.2,0.374,0.9,2.4,0.367,3.6,4.6,0.777,0.6,2.1,2.7,3.8,0.8,0.2,2.2,2.4,10.1,9.28,andrew harrison,False
46,UCLA,141,83,25.2,3.6,7.7,0.461,2.8,5.2,0.533,0.8,2.5,0.314,1.8,2.5,0.746,0.4,2.6,3.0,1.5,1.1,0.4,1.3,2.0,9.8,7.23,norman powell,False
48,Kentucky,78,18,15.2,2.1,3.8,0.537,2.1,3.8,0.537,0.0,0.0,,1.6,2.9,0.559,1.9,2.4,4.3,0.5,0.3,0.8,0.9,1.9,5.8,9.28,dakari johnson,False
51,Eastern Washington,84,67,31.4,5.9,12.7,0.463,2.8,5.5,0.504,3.1,7.2,0.432,3.8,4.4,0.847,0.6,2.9,3.5,2.3,1.0,0.2,1.8,1.9,18.6,-4.52,tyler harvey,False
55,UMass,111,80,25.2,3.8,6.9,0.553,3.7,6.5,0.575,0.1,0.4,0.213,2.2,3.4,0.666,3.1,4.9,7.9,0.2,0.4,1.8,1.9,2.5,10.0,4.56,cady lalanne,False
56,Michigan State,130,122,26.6,4.4,7.8,0.559,4.4,7.7,0.564,0.0,0.1,0.0,1.4,2.4,0.558,2.5,4.4,6.9,1.4,1.3,1.1,1.7,1.6,10.1,9.93,branden dawson,False
1,LSU,33,32,34.9,6.5,11.7,0.56,6.5,11.6,0.561,0.0,0.1,0.333,6.0,9.0,0.67,3.1,8.6,11.8,4.8,2.0,0.8,3.4,2.8,19.2,7.0,ben simmons,True
2,Duke,36,34,34.6,5.9,13.4,0.442,3.7,8.0,0.464,2.2,5.4,0.41,3.2,4.7,0.682,1.9,4.9,6.8,2.0,1.1,1.4,2.0,2.1,17.3,10.59,brandon ingram,True
3,California,34,34,27.6,4.8,11.1,0.431,3.9,8.1,0.482,0.9,3.0,0.294,4.2,6.4,0.654,1.1,4.3,5.4,2.0,0.8,0.6,3.1,3.2,14.6,7.87,jaylen brown,True
5,Providence,95,83,31.5,4.5,9.9,0.45,3.7,7.8,0.476,0.8,2.2,0.354,3.1,4.5,0.693,1.1,4.0,5.1,5.8,2.2,0.4,3.3,2.9,12.8,8.09,kris dunn,True
6,Oklahoma,132,118,31.7,5.9,13.2,0.448,3.3,6.5,0.508,2.6,6.8,0.39,2.8,3.4,0.836,1.6,3.4,5.0,1.9,1.3,0.3,2.2,2.0,17.4,9.28,buddy hield,True
7,Kentucky,36,36,35.2,6.8,14.9,0.454,3.6,7.3,0.502,3.1,7.7,0.408,3.3,4.2,0.783,1.5,3.7,5.2,2.2,1.0,0.3,2.3,2.1,20.0,8.84,jamal murray,True
8,Washington,34,34,24.9,5.3,9.9,0.53,4.6,8.2,0.568,0.6,1.8,0.35,2.6,3.8,0.682,2.5,2.9,5.4,0.8,0.9,1.6,2.0,4.1,13.7,8.12,marquese chriss,True
9,Utah,70,70,26.9,5.1,7.7,0.658,5.1,7.7,0.659,0.0,0.0,0.0,3.1,5.2,0.605,2.8,5.2,8.0,1.3,0.5,1.7,1.8,2.4,13.3,8.1,jakob poeltl,True
11,Gonzaga,74,32,26.6,5.2,8.2,0.632,5.1,8.0,0.638,0.1,0.2,0.357,3.1,4.2,0.729,2.6,6.8,9.4,1.3,0.5,0.6,2.0,3.0,13.5,4.67,domantas sabonis,True
12,Baylor,129,42,20.2,3.6,7.9,0.46,2.6,5.2,0.504,1.0,2.7,0.376,2.0,2.8,0.718,1.6,2.7,4.2,1.1,0.9,0.5,1.7,2.1,10.2,9.08,taurean prince,True
14,Michigan State,144,116,29.0,4.0,9.1,0.442,2.2,4.6,0.476,1.8,4.5,0.408,1.5,2.0,0.779,1.1,4.8,5.9,4.4,0.9,0.3,2.2,2.1,11.4,9.21,denzel valentine,True
17,Vanderbilt,68,54,29.6,3.4,8.0,0.431,2.2,5.1,0.436,1.2,2.9,0.422,3.5,4.4,0.8,0.4,3.6,4.1,4.8,1.3,0.2,2.3,2.5,11.6,7.45,wade baldwin,False
18,Marquette,33,33,33.5,5.9,13.2,0.446,5.0,10.0,0.495,0.9,3.2,0.288,4.3,5.8,0.749,2.2,7.6,9.7,1.8,0.8,1.5,2.4,2.5,17.0,5.57,henry ellenson,False
19,Florida State,34,33,29.8,5.4,11.6,0.471,3.8,7.4,0.518,1.6,4.2,0.387,3.1,3.8,0.813,1.3,4.0,5.3,1.5,0.9,0.2,1.7,2.2,15.6,8.16,malik beasley,False
20,Michigan,103,70,26.4,3.6,8.2,0.434,2.3,4.9,0.456,1.3,3.2,0.401,2.0,2.6,0.77,0.4,3.2,3.5,2.7,0.9,0.2,1.3,1.5,10.4,9.3,caris levert,False
22,Syracuse,37,37,34.4,4.1,11.1,0.369,2.0,5.1,0.388,2.1,6.1,0.353,3.1,4.2,0.72,0.5,3.8,4.3,2.1,1.1,0.3,2.1,2.5,13.4,9.75,malachi richardson,False
25,UNC,148,80,21.0,4.8,8.4,0.575,4.8,8.4,0.575,0.0,0.0,,1.9,2.8,0.708,2.1,4.9,7.0,0.9,0.8,1.1,1.3,2.5,11.6,9.73,brice johnson,False
27,New Mexico State,68,61,32.7,6.5,11.8,0.551,6.4,11.5,0.559,0.0,0.3,0.176,3.5,5.0,0.711,3.6,6.1,9.7,1.5,0.9,2.0,1.9,2.6,16.6,-3.6,pascal siakam,False
29,Washington,34,34,33.5,5.9,14.3,0.416,4.9,10.8,0.457,1.0,3.5,0.288,3.2,4.9,0.663,1.4,4.6,6.0,4.4,1.8,0.3,3.2,2.6,16.1,8.12,dejounte murray,False
30,Vanderbilt,99,95,27.1,5.1,9.1,0.566,5.1,9.0,0.57,0.0,0.1,0.125,3.0,5.3,0.565,2.1,4.3,6.4,0.7,0.4,1.7,2.0,3.0,13.3,7.13,damian jones,False
31,Michigan State,35,16,18.6,3.4,5.7,0.598,3.4,5.7,0.598,0.0,0.0,,0.7,1.1,0.605,2.1,3.4,5.5,0.7,0.3,1.8,0.9,2.3,7.5,6.94,deyonta davis,False
33,Kansas,27,1,7.5,1.2,2.1,0.569,1.2,2.1,0.569,0.0,0.0,,0.6,1.0,0.556,0.6,1.9,2.5,0.0,0.3,0.9,0.6,1.4,3.0,11.22,cheick diallo,False
34,Kentucky,72,35,30.1,3.6,8.4,0.427,2.4,5.1,0.462,1.2,3.3,0.371,2.9,3.4,0.846,0.5,1.9,2.4,5.3,1.2,0.1,1.5,1.7,11.3,8.76,tyler ulis,False
36,Virginia,136,109,30.6,4.4,10.3,0.43,3.1,6.6,0.466,1.4,3.7,0.365,3.1,3.5,0.876,0.6,3.5,4.1,2.5,0.9,0.2,1.5,1.8,13.3,7.76,malcolm brogdon,False
37,Louisville,66,55,21.0,2.8,4.5,0.619,2.8,4.4,0.621,0.0,0.0,0.0,0.7,1.3,0.547,2.4,4.0,6.4,1.1,0.8,1.6,1.7,2.7,6.2,8.36,chinanu onuaku,False
38,UNLV,65,48,31.7,4.2,9.6,0.439,2.3,4.3,0.527,1.9,5.2,0.367,1.9,2.5,0.753,0.9,3.3,4.2,3.3,2.0,0.4,1.9,1.9,12.2,3.28,patrick mccaw,False
40,Maryland,35,22,23.1,4.8,8.4,0.568,4.8,8.4,0.568,0.0,0.0,,2.9,3.8,0.761,2.2,3.2,5.4,0.4,0.5,1.6,1.5,2.3,12.5,8.31,diamond stone,False
42,Seton Hall,56,52,30.5,5.1,13.6,0.375,3.0,7.8,0.387,2.1,5.8,0.359,3.5,4.6,0.757,0.7,3.0,3.7,4.5,1.3,1.1,3.4,2.3,15.8,7.92,isaiah whitehead,False
47,Maryland,141,115,27.9,3.4,7.7,0.445,2.0,3.8,0.53,1.4,3.9,0.362,1.9,2.6,0.759,1.1,3.7,4.8,1.1,0.9,0.8,1.4,1.9,10.2,7.18,jake layman,False
50,Iowa State,138,126,29.8,6.2,12.3,0.5,4.8,8.7,0.553,1.4,3.6,0.375,2.5,3.2,0.763,1.2,4.0,5.2,3.1,0.7,0.5,2.3,3.1,16.1,8.83,georges niang,False
51,Providence,69,56,27.9,4.7,10.2,0.455,3.8,7.5,0.503,0.9,2.7,0.324,3.6,4.8,0.761,2.5,3.8,6.3,0.9,0.6,0.7,1.6,2.7,13.8,8.98,ben bentil,False
52,Weber State,130,90,28.8,3.8,7.2,0.528,3.5,6.4,0.547,0.3,0.7,0.371,3.6,5.0,0.713,3.2,6.9,10.1,0.7,0.6,1.4,2.0,2.3,11.4,-4.64,joel bolomboy,False
55,UNC,141,139,32.4,4.2,10.4,0.407,2.1,4.8,0.446,2.1,5.7,0.375,2.5,2.9,0.844,0.4,2.4,2.8,4.3,1.4,0.2,1.9,1.7,13.1,9.73,marcus paige,False
56,UConn,71,71,31.6,4.2,10.9,0.384,2.9,7.1,0.409,1.3,3.9,0.337,2.0,2.6,0.772,1.0,7.3,8.3,4.2,1.0,0.4,2.3,2.1,11.7,5.25,daniel hamilton,False
59,Oklahoma,137,119,27.7,3.5,8.5,0.408,2.2,5.3,0.408,1.3,3.2,0.407,1.5,2.1,0.711,0.8,3.0,3.9,2.7,1.1,0.3,1.9,2.0,9.7,9.28,isaiah cousins,False
60,California,129,114,31.6,4.6,11.0,0.415,3.6,7.9,0.464,0.9,3.1,0.292,2.6,4.2,0.613,1.0,4.2,5.2,3.4,1.1,0.4,2.2,2.5,12.6,7.29,tyrone wallace,False
1,Washington,25,25,35.7,8.4,17.6,0.476,6.3,12.5,0.502,2.1,5.0,0.413,4.4,6.7,0.649,1.3,4.4,5.7,5.9,1.6,1.2,3.2,2.5,23.2,6.82,markelle fultz,True
2,UCLA,36,36,35.1,5.3,9.5,0.551,3.0,4.1,0.732,2.2,5.4,0.412,1.8,2.7,0.673,0.9,5.1,6.0,7.6,1.8,0.8,2.5,1.8,14.6,6.39,lonzo ball,True
3,Duke,29,27,33.3,5.7,12.6,0.452,4.3,8.6,0.504,1.4,4.0,0.342,4.1,4.8,0.849,1.3,6.0,7.3,2.1,1.3,1.1,2.6,3.0,16.8,10.91,jayson tatum,True
6,Florida State,32,32,26.2,4.1,8.0,0.508,3.1,5.2,0.593,1.0,2.8,0.348,2.9,3.7,0.78,1.8,6.1,7.8,1.2,1.2,1.5,1.5,2.2,12.0,8.87,jonathan isaac,True
7,Arizona,37,37,30.8,5.0,10.2,0.492,3.1,5.8,0.545,1.9,4.4,0.423,3.7,4.4,0.835,2.4,4.8,7.2,0.9,0.4,0.5,1.1,2.0,15.6,7.63,lauri markkanen,True
10,Gonzaga,39,0,17.3,3.5,5.3,0.652,3.2,4.8,0.672,0.3,0.5,0.476,2.8,3.8,0.743,1.7,4.2,5.9,0.4,0.5,1.8,1.5,2.7,10.0,4.13,zach collins,True
11,Kentucky,38,37,32.1,6.6,14.7,0.45,3.9,7.8,0.497,2.7,6.9,0.397,3.9,4.7,0.822,0.3,2.2,2.5,2.3,0.9,0.5,2.0,1.9,19.8,10.49,malik monk,True
12,Duke,73,47,31.2,5.2,11.2,0.461,3.2,6.1,0.526,2.0,5.1,0.383,3.4,3.9,0.867,1.1,3.3,4.3,2.0,0.9,0.3,1.2,2.1,15.7,10.75,luke kennard,True
13,Louisville,65,38,26.0,4.1,9.8,0.418,2.6,5.2,0.497,1.5,4.6,0.329,2.0,2.5,0.788,1.1,3.0,4.1,2.2,1.5,0.3,1.3,2.6,11.7,9.44,donovan mitchell,True
16,Creighton,35,34,25.3,5.7,8.5,0.676,5.5,8.0,0.683,0.2,0.4,0.533,1.3,2.5,0.517,1.7,4.5,6.2,1.2,0.9,1.4,1.7,2.7,12.9,8.95,justin patton,False
19,Wake Forest,64,34,20.7,4.9,8.2,0.601,4.9,8.2,0.602,0.0,0.0,0.0,3.6,4.9,0.729,2.8,4.2,7.0,0.4,0.5,1.2,1.4,2.8,13.4,10.16,john collins,False
20,Duke,26,6,11.5,1.7,3.0,0.577,1.7,3.0,0.577,0.0,0.0,,0.5,0.9,0.5,1.6,2.3,3.8,0.3,0.3,0.7,0.7,2.2,3.9,10.91,harry giles,False
22,Texas,33,33,32.2,5.4,9.6,0.566,5.4,9.4,0.579,0.0,0.2,0.0,2.5,4.5,0.564,3.0,5.4,8.4,0.8,0.6,1.5,2.5,2.1,13.4,12.75,jarrett allen,False
23,Indiana,50,10,17.4,2.7,4.8,0.563,2.1,3.3,0.652,0.5,1.5,0.365,0.9,1.8,0.522,1.4,2.1,3.5,0.8,1.0,0.9,1.1,1.7,6.8,7.53,og anunoby,False
24,Syracuse,71,34,33.1,3.9,8.2,0.476,2.5,4.8,0.531,1.4,3.5,0.4,2.4,2.9,0.809,2.0,5.4,7.4,1.6,1.1,1.6,1.5,2.6,11.6,9.11,tyler lydon,False
26,Purdue,69,69,29.2,5.1,10.2,0.501,4.2,7.9,0.537,0.9,2.3,0.376,3.3,4.4,0.76,2.2,8.2,10.4,2.4,0.4,0.5,3.0,2.5,14.4,8.12,caleb swanigan,False
27,Utah,96,64,21.0,3.9,7.7,0.506,3.3,5.9,0.567,0.5,1.8,0.302,1.8,2.8,0.633,1.6,3.9,5.5,1.5,0.3,0.4,1.6,1.6,10.1,6.84,kyle kuzma,False
28,UNC,38,0,14.6,2.7,4.7,0.573,2.7,4.7,0.573,0.0,0.0,,1.7,2.8,0.619,2.6,2.6,5.1,0.6,0.3,0.6,0.7,1.8,7.1,11.76,tony bradley,False
29,Colorado,34,32,32.8,6.0,11.9,0.507,4.4,7.6,0.569,1.7,4.2,0.396,4.4,5.4,0.813,1.0,3.1,4.1,4.4,1.2,1.4,2.4,2.1,18.1,6.0,derrick white,False
30,Villanova,146,77,28.0,4.6,9.1,0.511,3.2,5.4,0.592,1.4,3.6,0.389,2.5,3.4,0.72,1.7,3.8,5.6,1.8,1.1,0.3,1.3,2.2,13.2,8.51,josh hart,False
32,Miami (FL),131,99,28.1,3.3,7.8,0.43,1.8,3.9,0.466,1.5,3.9,0.395,2.0,2.6,0.779,0.7,3.0,3.6,1.6,0.9,0.4,1.4,1.9,10.3,8.24,davon reed,False
35,California,65,64,30.6,4.8,8.8,0.544,4.7,8.5,0.549,0.1,0.3,0.409,3.5,5.2,0.666,2.9,6.6,9.4,1.2,0.6,1.1,1.8,3.1,13.2,7.1,ivan rabb,False
38,Oregon,105,62,24.7,3.3,5.4,0.61,3.3,5.2,0.622,0.0,0.2,0.188,1.2,1.8,0.63,2.1,4.7,6.8,1.5,1.1,2.2,1.5,2.3,7.8,8.23,jordan bell,False
39,Oklahoma State,54,52,29.1,5.7,12.7,0.448,4.7,10.2,0.458,1.0,2.5,0.407,4.2,5.1,0.818,0.6,3.2,3.8,5.8,1.5,0.1,2.7,2.4,16.6,10.51,jawun evans,False
40,Florida State,69,67,28.8,6.1,13.5,0.449,4.8,9.3,0.51,1.3,4.1,0.312,3.1,4.2,0.733,1.2,3.8,5.0,1.6,1.0,0.1,2.1,1.9,16.5,8.52,dwayne bacon,False
41,Oregon,75,74,30.0,4.6,10.0,0.455,2.5,5.1,0.493,2.1,5.0,0.416,2.9,3.9,0.732,1.1,2.8,3.9,1.8,0.8,0.1,1.7,1.8,14.1,8.51,tyler dorsey,False
42,Indiana,69,69,25.3,4.4,7.5,0.592,4.0,6.4,0.63,0.4,1.1,0.373,3.0,4.1,0.718,2.1,4.1,6.2,1.2,0.6,1.2,2.0,2.9,12.2,7.53,thomas bryant,False
45,Oregon,109,98,28.9,5.4,11.4,0.472,4.2,8.0,0.518,1.2,3.4,0.362,2.8,3.5,0.794,1.6,2.9,4.5,2.6,0.9,0.5,2.1,2.9,14.8,8.23,dillon brooks,False
47,UCLA,29,0,13.0,2.0,3.5,0.564,2.0,3.5,0.564,0.0,0.0,,0.8,1.5,0.535,1.4,2.6,4.0,0.2,0.2,1.2,0.8,2.5,4.7,6.39,ike anigbogu,False
48,South Carolina,132,132,31.8,4.5,11.5,0.392,3.2,7.5,0.42,1.4,4.0,0.339,4.3,5.6,0.771,1.6,3.6,5.2,3.0,1.5,0.6,2.5,2.4,14.7,7.8,sindarius thornwell,False
51,Iowa State,140,121,33.8,4.5,9.5,0.476,3.5,6.7,0.517,1.1,2.9,0.381,2.0,2.6,0.78,0.8,2.9,3.7,5.5,1.6,0.3,1.2,1.5,12.2,10.28,monte morris,False
52,Xavier,58,49,26.6,3.5,8.2,0.429,2.9,6.0,0.483,0.6,2.2,0.285,3.7,5.1,0.73,0.5,3.0,3.5,3.8,1.2,0.4,2.2,2.3,11.4,9.81,edmond sumner,False
53,Arizona,68,61,27.5,3.0,6.6,0.459,2.3,4.8,0.482,0.7,1.8,0.4,2.3,3.1,0.725,0.3,3.3,3.6,3.3,1.3,0.7,2.0,2.4,9.1,7.43,kadeem allen,False
54,Valparaiso,134,134,31.7,5.9,12.1,0.487,3.7,6.9,0.539,2.2,5.2,0.416,3.6,4.2,0.846,2.0,5.5,7.4,1.5,0.8,0.3,1.9,2.1,17.5,-0.95,alec peters,False
56,California,114,80,26.4,3.9,8.9,0.442,2.3,4.5,0.512,1.6,4.4,0.371,1.2,1.6,0.753,0.8,2.5,3.3,1.2,0.5,0.3,1.2,1.7,10.8,6.95,jabari bird,False
59,Clemson,128,125,30.7,4.9,10.0,0.488,4.1,7.7,0.541,0.8,2.4,0.316,3.0,4.1,0.724,1.9,4.6,6.5,1.1,0.6,0.7,1.5,1.6,13.5,7.5,jaron blossomgame,False
1,Arizona,35,35,33.5,7.9,12.9,0.612,7.5,11.9,0.635,0.3,1.0,0.343,4.0,5.5,0.733,3.4,8.2,11.6,1.6,0.6,1.9,2.0,2.3,20.1,6.84,deandre ayton,True
5,Oklahoma,32,32,35.4,8.2,19.3,0.422,4.5,9.1,0.493,3.7,10.3,0.36,7.4,8.6,0.861,0.4,3.5,3.9,8.7,1.7,0.3,5.2,1.8,27.4,10.56,trae young,True
8,Alabama,33,32,29.9,5.9,13.3,0.447,4.6,9.3,0.495,1.3,4.0,0.336,5.9,7.6,0.778,1.0,2.7,3.8,3.6,0.8,0.1,2.8,2.5,19.2,10.64,collin sexton,True
9,Kentucky,37,37,32.4,5.3,11.9,0.445,3.8,7.4,0.509,1.5,4.5,0.341,3.4,4.4,0.774,0.9,4.5,5.4,1.4,0.8,0.3,2.3,2.2,15.6,10.73,kevin knox,True
10,Villanova,116,73,27.3,3.9,7.5,0.525,2.5,3.8,0.645,1.5,3.7,0.4,1.9,2.3,0.845,1.1,3.2,4.3,1.6,1.4,0.9,1.1,2.2,11.3,9.74,mikal bridges,True
12,Michigan State,62,60,31.6,6.2,13.2,0.47,4.2,7.8,0.537,2.0,5.5,0.375,2.5,3.2,0.776,1.4,6.2,7.6,2.4,0.6,1.1,2.1,1.7,17.0,8.8,miles bridges,True
16,Texas Tech,37,21,28.4,4.2,7.5,0.556,3.7,6.4,0.574,0.5,1.1,0.45,2.5,3.4,0.717,2.2,2.8,5.0,1.8,1.1,1.1,1.1,1.8,11.3,9.6,zhaire smith,False
17,Villanova,85,12,25.4,3.6,7.6,0.469,2.0,3.6,0.573,1.5,4.0,0.378,1.6,2.2,0.705,1.1,2.9,4.0,2.4,0.9,0.2,1.6,1.8,10.2,9.74,donte divincenzo,False
19,Maryland,65,65,31.9,4.2,9.0,0.466,2.1,3.6,0.572,2.1,5.4,0.394,1.5,2.0,0.748,0.8,4.2,5.0,3.0,0.8,0.7,1.9,2.1,12.0,8.11,kevin huerter,False
20,Georgia Tech,61,61,33.0,5.4,12.3,0.437,4.3,9.4,0.454,1.1,2.8,0.382,5.1,6.6,0.777,1.8,4.0,5.8,2.0,1.5,0.8,2.3,2.7,16.9,7.84,josh okogie,False
21,Duke,142,97,27.9,4.3,9.9,0.43,2.2,4.5,0.49,2.0,5.4,0.38,3.5,4.2,0.834,0.5,2.6,3.2,3.0,1.0,0.1,1.7,2.1,14.1,10.27,grayson allen,False
22,Boise State,123,89,24.0,4.3,8.9,0.476,3.6,7.1,0.508,0.6,1.8,0.353,2.9,4.2,0.687,1.1,4.3,5.5,2.1,1.0,0.2,1.9,2.2,12.0,2.57,chandler hutchison,False
23,UCLA,101,65,31.8,4.7,10.5,0.45,2.9,6.2,0.469,1.8,4.2,0.422,3.1,3.9,0.795,0.5,2.7,3.2,4.7,1.2,0.2,3.0,2.7,14.3,7.65,aaron holiday,False
25,Michigan,107,77,21.0,3.9,7.2,0.547,2.9,4.5,0.643,1.0,2.7,0.385,1.5,2.2,0.698,1.2,3.3,4.5,0.5,0.8,0.4,1.2,2.5,10.4,9.16,moritz wagner,False
26,Wichita State,71,68,28.6,4.2,8.7,0.48,1.9,3.6,0.542,2.2,5.1,0.437,2.3,2.8,0.811,0.5,2.5,3.0,4.1,0.8,0.2,1.5,2.1,12.9,4.22,landry shamet,False
28,Cincinnati,105,80,29.1,4.0,9.4,0.429,2.4,5.0,0.476,1.7,4.4,0.377,2.0,2.7,0.755,1.3,3.0,4.3,2.5,1.1,0.9,1.3,2.0,11.7,4.76,jacob evans,False
30,Villanova,40,39,28.1,4.0,8.4,0.476,2.4,4.7,0.511,1.6,3.8,0.433,1.2,1.8,0.7,2.3,5.8,8.0,0.8,0.7,1.5,1.0,2.3,10.9,10.24,omari spellman,False
32,West Virginia,144,112,29.9,4.1,10.0,0.407,2.4,5.3,0.453,1.7,4.7,0.355,2.4,3.0,0.798,0.9,2.8,3.7,3.9,2.3,0.2,1.8,2.5,12.2,9.53,jevon carter,False
33,Villanova,116,115,28.9,5.0,9.8,0.51,3.5,5.9,0.587,1.5,3.9,0.393,2.9,3.5,0.82,0.4,2.1,2.5,3.7,0.8,0.0,1.9,1.8,14.4,9.74,jalen brunson,False
35,Tulane,94,69,27.7,3.8,7.9,0.481,3.0,5.2,0.572,0.9,2.8,0.312,2.1,3.2,0.653,1.2,3.2,4.4,1.7,1.6,0.5,2.0,2.0,10.6,3.37,melvin frazier,False
38,Creighton,102,95,27.2,4.2,8.2,0.511,2.9,5.1,0.578,1.3,3.2,0.406,1.5,2.1,0.719,1.1,3.5,4.6,2.5,1.4,0.3,1.6,1.8,11.2,7.83,khyri thomas,False
41,Kentucky,14,0,17.0,2.1,4.9,0.426,2.1,4.8,0.433,0.0,0.1,0.0,1.7,2.7,0.632,3.3,4.6,7.9,1.0,0.4,0.8,1.1,2.6,5.9,10.73,jarred vanderbilt,False
45,Kentucky,37,37,24.8,3.6,8.5,0.428,2.9,6.4,0.458,0.7,2.1,0.338,2.1,3.4,0.616,0.9,2.8,3.6,1.2,0.8,0.4,1.4,2.6,10.0,10.73,hamidou diallo,False
49,USC,104,71,27.0,4.8,8.9,0.533,4.6,8.5,0.545,0.1,0.4,0.302,2.7,3.9,0.692,1.8,4.5,6.3,1.2,0.7,1.6,1.7,2.5,12.3,6.77,chimezie metu,False
50,Missouri State,66,66,30.7,5.2,11.3,0.457,3.9,7.5,0.523,1.2,3.8,0.325,3.3,4.6,0.716,3.2,7.9,11.1,2.4,0.5,0.3,2.3,2.3,14.9,0.81,alize johnson,False
51,Penn State,70,70,34.2,5.5,13.9,0.396,3.8,9.5,0.397,1.7,4.4,0.395,3.8,4.9,0.786,0.8,4.1,4.9,4.6,0.7,0.3,2.4,2.0,16.6,8.35,tony carr,False
53,Virginia,128,89,24.0,2.4,5.7,0.419,1.5,3.4,0.44,0.9,2.3,0.389,1.2,1.5,0.807,0.3,2.8,3.2,2.1,0.6,0.2,0.9,1.4,6.9,9.73,devon hall,False
57,UT Arlington,115,84,27.7,5.5,12.5,0.44,3.7,7.0,0.53,1.8,5.5,0.324,2.8,3.6,0.768,1.9,6.1,8.0,1.9,1.0,0.5,2.1,1.9,15.5,-2.12,kevin hervey,False
58,UCLA,132,94,25.0,4.0,7.5,0.537,3.7,6.6,0.554,0.3,0.9,0.407,1.0,1.3,0.798,2.4,5.5,7.8,0.8,0.4,1.1,0.7,2.5,9.5,7.8,thomas welsh,False
59,Colorado,127,89,22.6,3.5,7.9,0.444,2.1,4.3,0.478,1.4,3.6,0.401,1.8,2.4,0.731,1.4,3.9,5.4,0.7,0.4,0.3,1.5,1.8,10.2,7.36,george king,False
60,Dayton,29,6,15.1,2.0,3.5,0.574,1.9,3.0,0.651,0.1,0.5,0.133,1.1,2.2,0.516,0.8,2.0,2.9,0.4,0.2,1.1,1.3,2.3,5.2,2.71,kostas antetokounmpo,False
1,Duke,33,33,30.0,9.0,13.2,0.68,8.2,11.0,0.747,0.7,2.2,0.338,3.9,6.2,0.64,3.5,5.4,8.9,2.1,2.1,1.8,2.4,2.1,22.6,11.98,zion williamson,True
3,Duke,38,38,35.3,8.4,18.5,0.454,6.5,12.2,0.529,1.9,6.2,0.308,3.9,5.9,0.665,1.6,6.0,7.6,4.3,0.9,0.4,3.2,1.8,22.6,11.98,rj barrett,True
5,Vanderbilt,5,5,27.8,5.8,10.8,0.537,3.6,6.2,0.581,2.2,4.6,0.478,2.4,3.2,0.75,0.4,3.4,3.8,2.6,0.8,0.4,3.0,1.4,16.2,7.79,darius garland,True
6,Texas Tech,75,58,29.5,5.3,11.6,0.459,3.9,7.5,0.522,1.4,4.1,0.341,2.9,4.2,0.687,1.2,4.4,5.6,2.8,1.3,0.6,2.1,2.0,14.9,9.56,jarrett culver,True
7,UNC,35,35,28.5,5.4,12.7,0.423,3.0,6.1,0.5,2.3,6.6,0.353,3.0,3.7,0.8,0.3,3.2,3.5,4.1,1.1,0.3,2.7,1.9,16.1,11.35,coby white,True
8,Texas,32,21,23.3,3.8,5.3,0.728,3.8,5.3,0.728,0.0,0.0,,2.3,3.1,0.74,1.8,3.3,5.0,0.3,0.6,2.2,0.9,3.3,10.0,11.46,jaxson hayes,True
9,Gonzaga,102,39,19.7,4.5,7.8,0.579,4.3,7.1,0.607,0.2,0.7,0.316,2.8,3.7,0.746,1.1,3.3,4.4,0.8,0.6,0.5,1.2,1.6,12.1,3.91,rui hachimura,True
10,Duke,36,35,29.7,4.3,12.0,0.356,1.8,4.6,0.394,2.5,7.4,0.333,2.4,3.2,0.772,0.6,3.1,3.7,1.9,1.6,0.6,2.7,2.4,13.5,11.98,cam reddish,True
13,Kentucky,37,37,32.6,5.0,10.9,0.462,3.4,6.3,0.538,1.6,4.6,0.355,2.4,2.5,0.935,0.4,4.1,4.5,2.5,1.1,0.3,1.6,1.3,14.0,10.29,tyler herro,True
14,Indiana,32,32,34.1,5.5,12.3,0.448,4.5,8.4,0.53,1.1,3.9,0.272,4.4,6.1,0.722,1.4,4.0,5.4,2.3,0.8,0.8,2.1,1.9,16.5,10.1,romeo langford,True
16,Auburn,72,38,25.5,3.6,7.5,0.481,2.4,4.3,0.55,1.2,3.2,0.389,1.4,2.0,0.703,2.4,3.9,6.3,1.5,1.3,1.0,1.3,1.9,9.9,9.11,chuma okeke,False
20,Washington,135,134,29.4,3.3,7.6,0.429,1.9,3.7,0.507,1.4,4.0,0.358,1.3,1.6,0.782,0.9,2.2,3.1,2.0,2.5,1.4,1.9,2.8,9.2,7.0,matisse thybulle,False
22,Tennessee,104,101,28.9,5.3,10.2,0.516,5.0,9.2,0.54,0.3,1.0,0.291,4.8,6.4,0.758,2.5,4.0,6.5,2.1,0.9,1.5,2.1,3.2,15.7,10.15,grant williams,False
24,Virginia,105,76,26.4,3.5,8.0,0.435,1.9,3.9,0.479,1.6,4.0,0.392,1.1,1.4,0.788,0.3,2.8,3.0,3.7,1.2,0.0,1.4,1.9,9.6,10.04,ty jerome,False
25,UNC,36,0,18.2,3.6,7.6,0.478,3.3,6.2,0.527,0.4,1.4,0.269,2.1,2.8,0.77,1.6,3.0,4.6,0.7,0.5,0.5,1.3,1.6,9.8,11.35,nassir little,False
26,Belmont,128,97,29.4,4.6,8.6,0.541,2.9,4.4,0.669,1.7,4.2,0.406,2.2,2.9,0.761,1.6,6.2,7.8,2.0,1.0,0.8,1.6,2.4,13.2,-2.32,dylan windler,False
27,Florida State,71,0,18.3,3.5,7.0,0.498,3.0,5.8,0.526,0.5,1.3,0.374,2.8,3.9,0.724,2.0,3.3,5.3,0.3,0.5,1.2,1.2,2.4,10.3,9.38,mfiondu kabengele,False
28,Michigan,75,37,22.7,3.1,7.3,0.434,1.6,3.1,0.519,1.5,4.1,0.37,1.6,1.9,0.831,0.1,2.0,2.2,1.4,0.8,0.2,1.1,1.5,9.4,9.98,jordan poole,False
29,Kentucky,37,36,30.7,4.6,10.1,0.461,3.4,6.9,0.498,1.2,3.2,0.381,2.9,4.2,0.703,1.3,4.5,5.9,1.6,0.8,0.2,1.6,2.2,13.5,10.29,keldon johnson,False
33,Purdue,108,94,29.4,5.9,14.2,0.412,3.3,7.2,0.455,2.6,7.1,0.368,3.4,4.2,0.817,0.4,3.0,3.4,2.5,1.2,0.2,2.2,1.9,17.8,9.84,carsen edwards,False
34,Maryland,64,53,26.4,4.5,7.6,0.595,4.5,7.4,0.603,0.1,0.2,0.308,2.9,3.8,0.763,2.3,6.5,8.7,1.4,0.5,1.6,2.3,2.8,12.0,9.02,bruno fernando,False
38,Arkansas,67,58,25.5,5.6,8.9,0.635,5.6,8.9,0.635,0.0,0.0,,3.0,5.3,0.562,2.5,4.9,7.4,0.7,0.7,2.1,1.7,3.0,14.3,9.31,daniel gafford,False
42,Tennessee,132,95,24.9,4.4,9.7,0.458,3.0,6.1,0.501,1.4,3.6,0.387,1.6,2.1,0.763,1.3,4.1,5.3,1.3,0.7,0.4,1.4,2.6,11.9,9.58,admiral schofield,False
43,Washington,70,67,33.5,6.0,12.6,0.476,4.7,9.4,0.504,1.3,3.2,0.396,2.8,3.5,0.789,1.0,3.7,4.6,2.9,1.2,0.3,2.7,2.5,16.1,6.54,jaylen nowell,False
44,Oregon,9,9,29.8,8.2,14.7,0.561,6.8,11.9,0.57,1.4,2.8,0.52,3.1,4.1,0.757,2.1,7.4,9.6,1.0,0.8,2.7,2.0,1.7,21.0,6.13,bol bol,False
45,Nebraska,97,52,23.9,2.9,6.1,0.476,2.4,4.6,0.523,0.5,1.5,0.336,1.8,2.6,0.702,1.6,3.9,5.5,1.5,0.8,1.6,1.6,2.8,8.1,9.79,isaiah roby,False
47,Michigan,37,37,29.6,5.1,11.0,0.462,3.6,7.1,0.5,1.5,3.9,0.392,3.1,4.1,0.773,1.2,4.3,5.4,0.8,0.7,0.5,1.2,2.1,14.8,10.55,ignas brazdeikis,False
48,Florida State,140,101,25.9,3.6,6.5,0.552,3.2,5.4,0.601,0.4,1.2,0.327,1.8,2.8,0.67,1.9,3.2,5.1,1.9,0.8,0.2,1.4,2.0,9.4,8.95,terance mann,False
49,Mississippi State,131,117,31.2,5.4,11.2,0.48,4.0,7.4,0.539,1.4,3.9,0.368,3.2,4.0,0.788,1.4,3.7,5.2,2.4,1.5,0.4,2.3,2.3,15.4,6.95,quinndary weatherspoon,False
50,College of Charleston,123,119,31.7,5.6,11.6,0.487,4.7,9.0,0.526,0.9,2.6,0.353,3.4,4.4,0.768,1.8,6.0,7.9,1.7,1.2,0.7,2.6,2.9,15.6,-1.6,jarrell brantley,False
51,LSU,66,61,32.7,5.2,12.2,0.423,3.2,6.5,0.496,1.9,5.7,0.34,3.3,4.2,0.807,0.3,2.8,3.1,5.9,2.5,0.1,3.2,2.1,15.6,8.59,tremont waters,False
52,San Diego State,67,55,27.9,5.0,10.0,0.504,4.6,8.6,0.538,0.4,1.4,0.298,2.7,3.6,0.758,2.1,5.8,7.9,1.5,1.0,0.5,1.8,2.6,13.2,3.19,jalen mcdaniels,False
55,Virginia,106,78,29.1,4.4,10.1,0.433,2.0,4.5,0.444,2.4,5.6,0.425,1.3,1.6,0.806,0.4,2.6,3.0,1.6,0.7,0.0,1.1,1.1,12.5,10.04,kyle guy,False
56,UCLA,64,48,28.3,4.1,9.9,0.409,2.4,5.4,0.44,1.7,4.6,0.373,2.3,3.0,0.762,0.5,3.3,3.8,4.4,1.2,0.2,2.5,1.4,12.1,6.82,jaylen hands,False
57,Tennessee,95,87,26.1,3.6,8.4,0.424,2.6,5.7,0.458,1.0,2.7,0.353,1.6,2.0,0.817,0.3,2.1,2.4,4.3,0.7,0.1,1.6,1.2,9.7,10.15,jordan bone,False
58,Yale,87,82,31.7,5.2,12.1,0.428,3.2,6.5,0.49,2.0,5.6,0.356,2.7,3.5,0.777,0.8,5.4,6.2,3.3,0.9,1.0,2.6,2.8,15.0,-2.08,miye oni,False
2,Memphis,3,3,23.0,6.7,8.7,0.769,6.7,8.3,0.8,0.0,0.3,0.0,6.3,9.0,0.704,4.3,6.3,10.7,0.3,0.3,3.0,1.0,1.7,19.7,5.07,james wiseman,True
5,Auburn,28,28,31.5,4.5,8.7,0.514,3.8,6.2,0.607,0.7,2.5,0.286,3.2,4.8,0.672,1.9,2.5,4.4,2.0,0.9,0.9,2.0,2.7,12.9,7.39,isaac okoro,True
6,USC,28,28,30.6,6.3,10.1,0.616,6.2,10.0,0.621,0.0,0.1,0.25,3.7,5.1,0.72,3.3,5.4,8.6,1.1,1.2,2.7,2.0,2.7,16.2,7.22,onyeka okongwu,True
10,Maryland,64,64,28.9,4.9,9.5,0.516,4.1,7.0,0.584,0.8,2.5,0.323,2.9,4.1,0.709,3.0,5.7,8.6,0.8,0.6,1.8,1.5,2.2,13.5,10.3,jalen smith,True
11,Florida State,63,30,19.3,3.1,6.6,0.475,2.0,3.9,0.514,1.1,2.7,0.417,1.1,1.5,0.72,0.8,2.4,3.2,1.1,1.0,0.6,0.6,1.4,8.4,8.95,devin vassell,True
12,Iowa State,57,56,34.6,3.7,7.2,0.509,1.9,3.1,0.621,1.8,4.2,0.426,1.0,1.2,0.775,1.0,3.4,4.4,4.7,1.9,0.8,1.6,1.3,10.1,9.68,tyrese haliburton,True
14,Vanderbilt,46,33,31.0,4.8,10.8,0.442,2.2,4.5,0.485,2.6,6.3,0.41,2.6,3.1,0.825,1.0,4.3,5.3,1.3,0.9,0.7,1.6,3.0,14.7,7.1,aaron nesmith,True
15,UNC,22,20,34.9,6.0,15.7,0.38,3.7,9.3,0.402,2.2,6.4,0.348,4.4,5.8,0.75,0.5,5.2,5.7,4.0,1.3,0.3,3.5,2.9,18.5,10.05,cole anthony,False
19,Villanova,67,60,31.6,4.2,9.0,0.469,2.3,4.5,0.522,1.9,4.6,0.418,1.5,2.0,0.728,1.7,3.2,4.9,1.8,0.8,0.4,1.1,2.3,11.9,9.0,saddiq bey,False
20,Memphis,31,31,30.4,5.9,11.9,0.493,5.5,10.6,0.514,0.4,1.3,0.325,3.6,6.0,0.599,3.0,7.8,10.8,1.0,1.1,1.9,2.8,2.4,15.8,5.07,precious achiuwa,False
21,Kentucky,31,28,34.5,4.8,11.3,0.427,3.8,7.7,0.492,1.1,3.6,0.292,3.2,3.9,0.833,0.4,3.9,4.3,3.2,0.9,0.4,2.2,2.4,14.0,7.46,tyrese maxey,False
22,Arizona,32,32,30.7,5.6,9.8,0.57,5.4,9.3,0.586,0.2,0.5,0.294,4.8,6.3,0.76,3.1,5.5,8.6,0.8,0.7,0.9,2.2,2.4,16.1,8.4,zeke nnaji,False
25,Kentucky,67,27,25.0,2.9,7.1,0.403,1.5,3.7,0.409,1.4,3.5,0.397,2.9,3.3,0.895,0.3,2.6,2.9,1.5,0.6,0.1,1.2,1.7,10.1,8.87,immanuel quickley,False
26,Oregon,144,140,33.7,4.6,10.4,0.437,2.6,5.2,0.495,2.0,5.3,0.379,2.3,2.9,0.8,0.7,3.2,3.8,4.6,1.5,0.0,2.0,2.2,13.5,7.11,payton pritchard,False
27,Kansas,87,79,23.4,5.4,7.2,0.746,5.4,7.2,0.746,0.0,0.0,,1.5,3.6,0.416,2.6,5.3,7.9,0.7,0.5,2.0,2.0,2.8,12.3,12.13,udoka azubuike,False
28,Washington,31,21,31.1,4.4,10.8,0.405,3.0,6.7,0.445,1.4,4.1,0.339,2.8,3.7,0.763,1.1,4.7,5.8,2.1,0.8,1.4,3.2,3.3,13.0,8.25,jaden mcdaniels,False
30,TCU,141,114,30.3,4.7,9.4,0.495,2.9,5.4,0.542,1.8,4.1,0.433,1.5,1.9,0.804,1.0,3.7,4.7,2.4,0.9,0.4,1.6,2.2,12.7,10.08,desmond bane,False
31,Stanford,31,31,32.6,4.7,10.7,0.441,2.7,5.8,0.47,2.0,4.9,0.408,3.2,3.5,0.891,0.4,4.1,4.5,3.2,1.4,0.1,2.6,2.1,14.6,6.38,tyrell terry,False
33,Minnesota,66,62,28.5,5.9,10.6,0.558,5.6,9.8,0.574,0.3,0.8,0.37,3.0,4.5,0.671,3.1,5.9,9.0,0.8,0.5,1.8,2.1,2.7,15.2,11.41,daniel oturu,False
36,Colorado,99,87,25.0,4.0,7.6,0.53,3.8,7.0,0.549,0.2,0.6,0.305,3.0,4.1,0.747,1.9,6.2,8.1,0.9,1.0,1.0,1.9,2.3,11.2,6.3,tyler bey,False
38,Vanderbilt,96,78,30.7,4.6,9.7,0.471,3.7,7.0,0.527,0.9,2.8,0.328,3.9,5.4,0.718,0.6,2.7,3.3,3.7,1.3,0.2,2.7,2.1,13.9,8.11,saben lee,False
41,Duke,65,65,34.7,4.5,10.8,0.419,3.5,7.6,0.464,1.0,3.2,0.313,2.4,3.1,0.767,0.8,3.2,4.0,5.8,1.8,0.2,2.0,1.6,12.4,9.99,tre jones,False
45,Louisville,93,59,26.3,4.7,10.6,0.445,2.8,5.7,0.489,1.9,4.9,0.394,2.6,3.3,0.785,1.2,4.9,6.0,1.0,0.8,0.2,1.8,1.9,13.9,9.22,jordan nwora,False
46,Washington State,64,60,32.2,5.7,13.8,0.413,3.7,8.4,0.443,2.0,5.4,0.367,3.2,4.2,0.749,1.4,6.1,7.5,2.4,1.4,0.7,2.6,2.8,16.6,3.57,cj elleby,False
48,Arizona,32,32,32.3,4.5,11.5,0.392,2.8,6.4,0.444,1.7,5.1,0.327,3.3,4.2,0.797,0.3,2.3,2.5,5.3,1.2,0.0,2.6,1.7,14.0,8.4,nico mannion,False
49,Arkansas,60,59,32.7,4.7,12.0,0.39,1.2,2.8,0.429,3.5,9.1,0.378,2.4,2.9,0.827,0.6,2.8,3.4,1.7,1.5,0.2,1.5,1.9,15.2,8.02,isaiah joe,False
50,LSU,130,121,30.5,4.0,9.0,0.445,2.7,5.1,0.52,1.3,3.9,0.345,3.1,3.7,0.845,0.5,3.1,3.6,2.9,1.6,0.2,1.8,1.7,12.4,8.27,skylar mays,False
51,Boise State,129,120,31.2,4.2,9.7,0.432,1.7,3.6,0.474,2.5,6.2,0.408,1.3,1.6,0.831,0.6,3.6,4.1,2.0,1.2,0.5,1.3,2.1,12.3,2.81,justinian jessup,False
53,Michigan State,139,108,28.8,4.7,10.1,0.461,2.8,5.8,0.484,1.9,4.3,0.43,3.0,3.5,0.845,0.2,2.5,2.7,6.4,0.9,0.1,2.7,2.0,14.2,10.17,cassius winston,False
54,Duke,29,29,27.4,4.4,9.3,0.474,3.3,6.3,0.527,1.1,3.0,0.36,2.7,3.6,0.733,1.9,3.0,4.9,1.0,0.7,0.7,1.9,2.2,12.6,8.0,cassius stanley,False
56,College of Charleston,132,123,32.3,6.7,12.8,0.519,5.3,8.9,0.593,1.4,4.0,0.356,4.0,5.0,0.796,0.5,2.8,3.3,2.8,1.3,0.3,2.2,1.9,18.7,-1.82,grant riller,False
1,Oklahoma State,27,26,35.4,6.5,14.8,0.438,4.2,9.1,0.461,2.3,5.7,0.4,4.9,5.8,0.846,0.7,5.5,6.2,3.5,1.6,0.8,4.0,2.5,20.1,9.78,cade cunningham,True
3,USC,33,33,33.9,6.0,10.3,0.578,5.6,9.1,0.615,0.4,1.2,0.3,4.1,5.8,0.694,2.7,5.9,8.7,2.4,0.8,2.9,2.2,1.8,16.4,10.65,evan mobley,True
4,Florida State,24,7,24.8,4.1,8.1,0.503,3.6,6.5,0.561,0.5,1.7,0.275,1.7,2.8,0.621,1.5,2.5,4.0,4.1,1.5,0.5,2.5,2.2,10.3,9.16,scottie barnes,True
5,Gonzaga,30,30,28.9,5.2,10.3,0.503,4.0,6.8,0.588,1.2,3.5,0.337,2.9,3.8,0.754,0.6,4.7,5.3,4.5,1.9,0.3,2.9,2.6,14.4,5.92,jalen suggs,True
8,Michigan,55,55,31.2,4.3,9.3,0.465,2.9,5.0,0.583,1.4,4.3,0.325,2.0,2.4,0.835,0.8,5.3,6.1,2.0,1.3,0.8,1.4,2.4,12.0,11.21,franz wagner,True
10,Stanford,20,14,27.9,3.8,10.2,0.374,2.7,6.2,0.427,1.2,4.0,0.291,2.0,2.5,0.796,0.5,4.1,4.6,2.2,0.9,0.6,2.9,2.4,10.7,10.01,ziaire williams,True
11,UConn,43,30,27.9,5.3,11.5,0.456,4.2,8.1,0.513,1.1,3.4,0.32,3.4,4.2,0.802,1.6,3.1,4.7,1.5,0.9,0.2,2.1,2.4,15.0,6.97,james bouknight,True
12,Alabama,30,19,22.5,2.8,6.5,0.431,1.4,2.7,0.5,1.4,3.8,0.381,1.1,1.5,0.75,1.0,2.3,3.4,0.8,0.6,0.3,1.4,1.7,8.1,10.01,joshua primo,True
13,Oregon,54,54,32.0,5.3,11.2,0.473,3.3,5.9,0.555,2.0,5.3,0.38,2.3,2.9,0.803,1.1,4.0,5.1,2.1,1.8,0.7,1.9,1.5,14.9,9.37,chris duarte,True
14,Arkansas,32,32,33.8,5.2,12.1,0.427,3.3,7.0,0.478,1.8,5.1,0.358,4.7,5.8,0.812,2.0,3.8,5.8,1.6,1.0,0.7,1.6,2.3,16.8,7.18,moses moody,True
15,Gonzaga,137,108,27.4,4.1,8.4,0.483,2.1,3.6,0.585,2.0,4.8,0.408,1.5,1.8,0.824,1.0,3.1,4.0,1.4,0.7,0.4,1.0,1.6,11.6,4.16,corey kispert,False
18,Florida,53,28,24.4,3.6,8.5,0.422,2.3,4.9,0.477,1.3,3.6,0.349,1.8,2.2,0.788,0.5,3.1,3.6,1.9,0.9,0.1,1.9,2.1,10.2,9.46,tre mann,False
19,Texas,53,14,19.7,2.3,4.1,0.553,1.9,3.0,0.627,0.4,1.1,0.345,1.2,1.8,0.677,1.5,2.5,4.0,0.5,0.7,1.0,1.1,2.3,6.2,9.48,kai jones,False
24,Arizona State,15,15,29.7,5.1,11.7,0.432,3.9,7.8,0.496,1.2,3.9,0.305,2.9,3.7,0.8,0.7,4.1,4.7,1.4,1.5,0.5,1.7,3.2,14.3,10.24,josh christopher,False
28,Tennessee,25,15,25.9,4.2,9.1,0.467,3.4,7.2,0.475,0.8,1.8,0.435,3.2,4.0,0.81,1.0,2.5,3.5,2.9,1.2,0.4,2.4,2.0,12.5,8.46,jaden springer,False
30,Loyola (MD),27,26,33.3,7.3,14.7,0.495,5.6,9.2,0.606,1.7,5.4,0.306,2.8,4.4,0.639,1.7,7.5,9.2,2.2,1.0,1.7,2.9,2.0,19.0,-5.35,santi aldama,False
36,West Virginia,60,30,28.0,4.3,10.3,0.419,3.2,7.1,0.442,1.2,3.2,0.368,2.8,3.6,0.785,0.8,2.3,3.1,3.3,1.5,0.4,1.6,1.7,12.6,10.34,miles mcbride,False
37,Auburn,27,27,23.0,3.1,7.1,0.44,2.3,4.3,0.53,0.8,2.7,0.297,2.3,3.1,0.741,1.6,3.4,5.0,0.9,0.8,1.4,1.6,2.0,9.4,9.28,jt thor,False
38,Illinois,90,90,33.2,6.3,13.4,0.47,5.1,9.9,0.516,1.2,3.6,0.345,2.8,3.8,0.75,0.8,4.0,4.8,3.9,1.1,0.2,2.7,1.9,16.7,10.9,ayo dosunmu,False
40,Baylor,94,81,29.1,4.9,11.4,0.431,2.6,5.4,0.483,2.3,5.9,0.384,2.1,2.6,0.782,0.5,2.7,3.2,3.5,1.5,0.2,2.4,2.4,14.1,8.6,jared butler,False
41,Iowa,97,97,29.7,4.4,9.5,0.467,2.5,4.9,0.519,1.9,4.6,0.412,2.5,3.2,0.771,1.3,4.5,5.8,1.5,0.9,0.4,1.4,1.6,13.2,10.3,joe wieskamp,False
42,Michigan,119,69,23.4,2.9,6.3,0.465,1.5,2.9,0.526,1.4,3.3,0.412,1.1,1.3,0.856,0.9,2.9,3.8,0.9,0.5,0.5,0.8,1.6,8.3,10.59,isaiah livers,False
44,Pepperdine,92,84,31.6,4.6,9.8,0.469,3.0,5.7,0.522,1.6,4.1,0.395,2.4,3.0,0.789,1.7,4.8,6.5,1.2,1.0,1.3,1.5,2.4,13.3,3.08,kessler edwards,False
48,Auburn,12,12,33.1,6.0,15.3,0.391,4.9,10.6,0.465,1.1,4.8,0.228,7.1,8.6,0.825,0.7,3.6,4.3,8.1,1.0,0.3,4.2,2.7,20.2,9.28,sharife cooper,False
49,Creighton,92,75,32.2,5.0,10.5,0.471,2.6,5.0,0.523,2.3,5.5,0.423,1.8,2.3,0.772,0.3,3.2,3.5,4.2,1.1,0.1,2.2,1.9,14.1,8.91,marcus zegarowski,False
52,Iowa,127,118,27.1,6.9,12.6,0.546,5.9,10.0,0.592,0.9,2.6,0.367,3.5,5.0,0.701,2.7,4.6,7.3,1.2,0.5,1.2,1.4,2.4,18.2,9.5,luka garza,False
53,Western Kentucky,72,72,30.5,6.1,10.2,0.596,5.7,9.0,0.636,0.4,1.3,0.319,3.3,4.3,0.768,3.0,7.5,10.5,0.8,0.6,2.6,2.5,2.5,15.9,0.81,charles bassey,False
54,Seton Hall,115,79,24.4,3.5,7.6,0.459,2.6,5.0,0.521,0.9,2.6,0.339,1.7,2.6,0.663,1.7,4.0,5.7,1.6,0.6,0.7,1.6,2.0,9.6,9.48,sandro mamukelashvili,False
55,Maryland,96,50,28.2,3.9,9.6,0.407,2.1,4.6,0.456,1.8,5.0,0.361,1.4,1.8,0.769,1.1,3.6,4.6,1.6,0.9,0.4,1.4,1.8,11.0,10.86,aaron wiggins,False
56,Florida,51,31,27.6,2.7,6.2,0.443,2.0,4.1,0.493,0.7,2.1,0.343,2.0,2.7,0.759,0.9,2.5,3.4,1.1,1.4,1.1,1.4,2.3,8.2,9.46,scottie lewis,False
58,Texas,119,77,20.5,2.7,4.3,0.639,2.7,4.3,0.64,0.0,0.0,0.0,1.2,2.2,0.524,1.8,3.6,5.4,0.4,0.4,0.8,1.2,2.2,6.6,10.27,jericho sims,False
59,Florida State,90,52,18.5,2.4,5.3,0.458,2.1,4.1,0.512,0.3,1.1,0.262,1.7,2.3,0.732,1.0,2.9,3.9,1.4,1.0,0.5,1.5,2.2,6.8,9.02,raiquan gray,False
